{
 "actions": [],
 "allow_rename": 1,
 "creation": "2025-03-05 16:41:39.573836",
 "doctype": "DocType",
 "editable_grid": 1,
 "engine": "InnoDB",
 "field_order": [
  "item_code",
  "item_name",
  "qty",
  "rate",
  "discount_",
  "gst_",
  "amount",
  "discounted_amount",
  "amount_before_discount"
 ],
 "fields": [
  {
   "fieldname": "item_code",
   "fieldtype": "Link",
   "in_list_view": 1,
   "label": "Item Code",
   "options": "Item"
  },
  {
   "fieldname": "item_name",
   "fieldtype": "Link",
   "in_list_view": 1,
   "label": "Item Name",
   "options": "Item"
  },
  {
   "fieldname": "qty",
   "fieldtype": "Float",
   "in_list_view": 1,
   "label": "Qty"
  },
  {
   "fieldname": "rate",
   "fieldtype": "Currency",
   "in_list_view": 1,
   "label": "Rate"
  },
  {
   "fieldname": "discount_",
   "fieldtype": "Float",
   "in_list_view": 1,
   "label": "Discount (%)"
  },
  {
   "fieldname": "gst_",
   "fieldtype": "Float",
   "in_list_view": 1,
   "label": "GST (%)"
  },
  {
   "fieldname": "amount",
   "fieldtype": "Currency",
   "in_list_view": 1,
   "label": "Amount"
  },
  {
   "fieldname": "discounted_amount",
   "fieldtype": "Currency",
   "in_list_view": 1,
   "label": "Discounted Amount"
  },
  {
   "fieldname": "amount_before_discount",
   "fieldtype": "Currency",
   "in_list_view": 1,
   "label": "Amount Before Discount"
  }
 ],
 "index_web_pages_for_search": 1,
 "istable": 1,
 "links": [],
 "modified": "2025-04-08 08:46:11.988076",
 "modified_by": "Administrator",
 "module": "Health Care Management",
 "name": "Nursing Items",
 "owner": "Administrator",
 "permissions": [],
 "sort_field": "modified",
 "sort_order": "DESC",
 "states": []
}