{
 "absolute_value": 0,
 "align_labels_right": 0,
 "creation": "2025-04-04 12:08:34.642332",
 "custom_format": 1,
 "default_print_language": "en",
 "disabled": 0,
 "doc_type": "Clinical Procedure Bill",
 "docstatus": 0,
 "doctype": "Print Format",
 "font_size": 14,
 "html": "{% if doc.medicines|length <= 8 %}\n    <!DOCTYPE html>\n    <html lang=\"en\">\n    <head>\n        <style>\n            @page {\n                size: A4 portrait;\n                margin: 3mm;\n            }\n            \n            .page-container {\n                font-family: Arial, sans-serif;\n                width: 210mm;\n                height: 148.5mm;\n                page-break-after: always;\n                border: 1px solid #000;\n                padding: 1mm;\n                overflow: hidden;\n                position: relative;\n            }\n            \n            .invoice-table {\n                width: 100%;\n                border-collapse: collapse;\n                margin: -1px 0 2px 0;\n            } \n            \n            .invoice-table td {\n                border: 1px solid black;\n                padding: 1px;\n                margin-top: 0px;\n                font-size: 11px; /* Minimum font size */\n            }\n            \n            .content-wrapper {\n                display: flex;\n                flex-direction: column;\n                height: calc(100% - 25px);\n            }\n            \n            .order-details {\n                width: 100%;\n                border-collapse: collapse;\n                font-size: 11px; /* Minimum font size */\n                flex: 0 0 auto;\n            }\n            \n            .order-details th, .order-details td {\n                padding: 0px; /* Reduce padding to fit more rows */\n                font-size: 11px; /* Minimum font size */\n                line-height: 0.8; /* Reduce extra spacing */\n            }\n            \n            .order-details tr.header-row th {\n                border: 1px solid black;\n                padding: 0px;\n                text-align: center;\n                font-size: 11px;\n            }\n            \n            .order-details tr.product-row td {\n                border-left: 1px solid black;\n                border-right: 1px solid black;\n                border-top: none;\n                border-bottom: none;\n                padding: 0px;\n                font-size: 11px;\n                line-height: 0.6;\n            }\n            \n            .order-details tr.total-row th {\n                border: 1px solid black;\n                padding: 0.5px;\n                font-size: 11px;\n            }\n            \n            .footer-container {\n                font-size: 11px;\n                margin-top: 2px;\n                flex: 0 0 auto;\n                width: 100%;\n            }\n            \n            .footer-container p {\n                margin: 0;\n                line-height: 1.1;\n            }\n            \n            .footer-flex {\n                display: flex;\n                justify-content: space-between;\n                width: 100%;\n            }\n            \n            .refund-policy {\n                margin: 0;\n                line-height: 1.2;\n            }\n            \n            .delivery-contact {\n                text-align: center;\n                margin-top: 2px;\n            }\n    \n       \n        </style>\n    </head>\n    \n    <body>\n        <div class=\"page-container\">\n            <table class=\"invoice-table\">\n                <tr>\n                    <td style=\"text-align:right; width: 25%;\">\n                        <img src=\"/assets/healthcare_management/images/final_logo_3.png\" alt=\"Clinic Logo\" style=\"object-fit: contain; scale: 1.5\">\n                    </td>\n                    <td style=\"text-align: center; font-size: 11px; width: 25%;\">\n                        <br>\n                        <span style=\"font-weight: bold;\">\n                                kowdiar,Trivandrum-695003<br>\n                                Phone:0471-4612849,8891079555<br>\n                                E-drrasheeds@gmail.com\n                        </span>\n                    </td>\n                    \n                    <td style=\"text-align:left; font-size: 12px; width: 50%; font-weight: bold;\">\n                            {% set patient_doc = frappe.get_doc(\"Patient\", {'patient_name': doc.patient_name}) %}\n                            <span>Name&nbsp;&nbsp;&nbsp;&nbsp;&nbsp;&nbsp;&nbsp;:&nbsp;&nbsp;<span style=\"font-size:14px;\">{{ doc.patient_name }}</span></span><br>\n                            <span>Address&nbsp;&nbsp;:&nbsp;&nbsp;{{ patient_doc.custom_address_line }},&nbsp;{{ patient_doc.custom_city }},\n                                &nbsp;{{ patient_doc.custom_pincode }},&nbsp;{{ patient_doc.custom_state }},&nbsp;{{ patient_doc.custom_country }}</span>\n                            <br>\n                            <span>Mobile&nbsp;&nbsp;&nbsp;&nbsp;&nbsp;:&nbsp;&nbsp;{{ patient_doc.mobile if patient_doc.mobile else '' }}</span><br>\n                            {% set doctor_doc = frappe.get_doc(\"Healthcare Practitioner\", doc.healthcare_practitioner) %}\n                            <span>Doctor&nbsp;&nbsp;&nbsp;&nbsp;&nbsp;:&nbsp;&nbsp;<span style=\"font-size:14px;\">{{ doctor_doc.practitioner_name }}</span></span> \n                    </td>\n                </tr> \n            </table>\n    \n            <div class=\"content-wrapper\">\n                <table class=\"order-details\">\n                    <tr class=\"header-row\">\n                        <th colspan=\"2\" style=\"width: 50%; font-size: 22px; font-weight: bold; text-align: center;\">\n                            <br>\n                            <span>CLINICAL PROCEDURE INVOICE</span>\n                        </th>\n                        <th colspan=\"4\" style=\"width: 50%; text-align: start;\">\n                            <span style=\"font-weight: bold;\">\n                                Invoice No: A000982<br><br>\n                                Billed by: {{ frappe.session.user }}<br><br>\n                                Date and Time: {{ doc.date_and_time }}\n                            </span>\n                        </th>\n                    </tr>\n                    \n                    <tr class=\"header-row\">\n                        <th style=\"width: 5%; \"><span style=\"font-weight: bold;\">SN</span></th>\n                        <th style=\"width: 45%;\"><span style=\"font-weight: bold;\">DESCRIPTION</span></th>\n                        <th style=\"width: 7%;\"><span style=\"font-weight: bold;\">QTY</span></th>\n                        <th style=\"width: 15%;\"><span style=\"font-weight: bold;\">RATE</span></th>\n                        <th style=\"width: 8%;\"><span style=\"font-weight: bold;\">DISC</span></th>\n                        <th style=\"width: 20%;\"><span style=\"font-weight: bold;\">AMOUNT</span></th>\n                    </tr>\n    \n                    {% set max_rows = 8 %}\n                    {% set num_items = doc.nursing_items|length %}\n                    {% for item in doc.nursing_items[:max_rows] %}\n                    <tr class=\"product-row\">\n                        <td style=\"text-align: center;\">{{ loop.index }}</td>\n                        <td style=\"text-align: start;\">{{ item.item_name }}</td>\n                        <td style=\"text-align: center;\">{{ item.qty }}</td>\n                        <td style=\"text-align: end;\">\u20b9 {{ '%.2f'| format(item.rate) }}</td>\n                        <td style=\"text-align: end;\">{{ '%.2f'| format(item.discount_)}} %</td>\n                        <td style=\"text-align: end;\">\u20b9 {{ '%.2f'| format(item.amount) }}</td>\n                    </tr>\n                    {% endfor %}\n                    \n                    <!-- Fill empty rows if less than 12 items -->\n                    {% for i in range(num_items, max_rows) %}\n                    <tr class=\"product-row\">\n                        <td>&nbsp;</td>\n                        <td>&nbsp;</td>\n                        <td>&nbsp;</td>\n                        <td>&nbsp;</td>\n                        <td>&nbsp;</td>\n                        <td>&nbsp;</td>\n                    </tr>\n                    {% endfor %}\n    \n                    <!-- Product rows remain same -->\n    \n                    <tr class=\"total-row\">\n                        <th colspan=\"3\">\n                            <span style=\"font-weight: bold; font-size: 12px;\">{{ doc.amount_in_words }}</span><br><br>\n                            <p style=\"font-weight: bold; font-size: 12px;\"> \n                                TOTAL ITEM : {{ doc.total_items }} &nbsp;&nbsp;&nbsp;&nbsp;&nbsp; \n                                TOTAL QTY: {{ doc.total_quantity }} &nbsp;&nbsp;&nbsp;&nbsp;&nbsp; \n                                YOU SAVED RUPEES :\u20b9 {{ \"{:,.2f}\".format(doc.saved_amount | float) }}\n                            </p>\n                        </th>\n                        <th colspan=\"3\" style=\"text-align: end;\">\n                            <span style=\"font-weight: bold; font-size: 20px;\">GRAND TOTAL &nbsp;&nbsp;&nbsp;\u20b9 {{ '%.2f'| format(doc.rounded_total_amount) }}</span>\n                        </th>\n                    </tr>\n                </table>\n                \n                <div class=\"table-border-close\"></div>\n                \n                <!--<div class=\"spacer\"></div>-->\n    \n                <!-- Updated Footer Section -->\n                <div class=\"footer-container\">\n                    <div class=\"refund-policy\" style=\"font-size: 9px;\">\n                        <p>You have to be with someone relative when coming for procedures.</p>\n                        <p>Refund policy is not available for Clinical procedure fee.</p>\n                    </div>\n                    <br>\n                    <div class=\"footer-flex\">\n                        <span style=\"font-weight: bold; text-align: start;\">\n                                GSTIN: 32CHZPS7837K1Z9&nbsp;&nbsp;&nbsp;&nbsp;&nbsp;&nbsp;DL NO: KL-IVM-100946, KL-TVM-100947\n                            </span>\n                    </div>\n                </div>\n            </div>\n        </div>\n    </body>\n    </html>\n{%endif%}\n\n{% if doc.medicines|length > 8 %}\n    <!DOCTYPE html>\n    <html lang=\"en\">\n    <head>\n        <style>\n            @page {\n                size: A4 portrait;\n                margin: 3mm;\n            }\n            \n            .page-container {\n                font-family: Arial, sans-serif;\n                width: 210mm;\n                height: 148.5mm;\n                page-break-after: always;\n                border: 1px solid #000;\n                padding: 1mm;\n                overflow: hidden;\n                position: relative;\n            }\n            \n            .invoice-table {\n                width: 100%;\n                border-collapse: collapse;\n                margin: -1px 0 2px 0;\n            } \n            \n            .invoice-table td {\n                border: 1px solid black;\n                padding: 1px;\n                margin-top: 0px;\n                font-size: 11px; /* Minimum font size */\n            }\n            \n            .content-wrapper {\n                display: flex;\n                flex-direction: column;\n                height: calc(100% - 25px);\n            }\n            \n            .order-details {\n                width: 100%;\n                border-collapse: collapse;\n                font-size: 11px; /* Minimum font size */\n                flex: 0 0 auto;\n            }\n            \n            .order-details th, .order-details td {\n                padding: 0px; /* Reduce padding to fit more rows */\n                font-size: 11px; /* Minimum font size */\n                line-height: 0.8; /* Reduce extra spacing */\n            }\n            \n            .order-details tr.header-row th {\n                border: 1px solid black;\n                padding: 0px;\n                text-align: center;\n                font-size: 11px;\n            }\n            \n            .order-details tr.product-row td {\n                border-left: 1px solid black;\n                border-right: 1px solid black;\n                border-top: none;\n                border-bottom: none;\n                padding: 0px;\n                font-size: 11px;\n                line-height: 0.6;\n            }\n            \n            .order-details tr.total-row th {\n                border: 1px solid black;\n                padding: 0.5px;\n                font-size: 11px;\n            }\n            \n            .footer-container {\n                font-size: 11px;\n                margin-top: 2px;\n                flex: 0 0 auto;\n                width: 100%;\n            }\n            \n            .footer-container p {\n                margin: 0;\n                line-height: 1.1;\n            }\n            \n            .footer-flex {\n                display: flex;\n                justify-content: space-between;\n                width: 100%;\n            }\n            \n            .refund-policy {\n                margin: 0;\n                line-height: 1.2;\n            }\n            \n            .delivery-contact {\n                text-align: center;\n                margin-top: 2px;\n            }\n    \n       \n        </style>\n    </head>\n    \n    <body>\n        <div class=\"page-container\">\n            <table class=\"invoice-table\">\n                <tr>\n                    <td style=\"text-align:right; width: 25%;\">\n                        <img src=\"/assets/healthcare_management/images/final_logo_3.png\" alt=\"Clinic Logo\" style=\"object-fit: contain; scale: 1.5\">\n                    </td>\n                    <td style=\"text-align: center; font-size: 11px; width: 25%;\">\n                        <br>\n                        <span style=\"font-weight: bold;\">\n                                kowdiar,Trivandrum-695003<br>\n                                Phone:0471-4612849,8891079555<br>\n                                E-drrasheeds@gmail.com\n                        </span>\n                    </td>\n                    \n                    <td style=\"text-align:left; font-size: 13px; width: 50%; font-weight: bold;\">\n                            {% set patient_doc = frappe.get_doc(\"Patient\", {'patient_name': doc.patient_name}) %}\n                            <span>Name&nbsp;&nbsp;&nbsp;&nbsp;&nbsp;&nbsp;&nbsp;:&nbsp;&nbsp;<span style=\"font-size:15px;\">{{ doc.patient_name }}</span></span><br>\n                            <span>Mobile&nbsp;&nbsp;&nbsp;&nbsp;&nbsp;:&nbsp;&nbsp;{{ patient_doc.mobile if patient_doc.mobile else '' }}</span><br>\n                            <span>Address&nbsp;&nbsp;:&nbsp;&nbsp;{{ patient_doc.custom_address_line }},&nbsp;{{ patient_doc.custom_city }},\n                                &nbsp;{{ patient_doc.custom_pincode }},&nbsp;{{ patient_doc.custom_state }},&nbsp;{{ patient_doc.custom_country }}</span>\n                            <br>\n                            {% set doctor_doc = frappe.get_doc(\"Healthcare Practitioner\", doc.healthcare_practitioner) %}\n                            <span>Doctor&nbsp;&nbsp;&nbsp;&nbsp;&nbsp;:&nbsp;&nbsp;<span style=\"font-size:15px;\">{{ doctor_doc.practitioner_name }}</span></span> \n                    </td>\n                </tr> \n            </table>\n    \n            <div class=\"content-wrapper\">\n                <table class=\"order-details\">\n                    <tr class=\"header-row\">\n                        <th colspan=\"2\" style=\"width: 50%; font-size: 22px; font-weight: bold; text-align: center;\">\n                            <br>\n                            <span>CLINICAL PROCEDURE INVOICE</span>\n                        </th>\n                        <th colspan=\"4\" style=\"width: 50%; text-align: start;\">\n                            <span style=\"font-weight: bold;\">\n                                Invoice No: A000982<br><br>\n                                Billed by: {{ frappe.session.user }}<br><br>\n                                Date and Time: {{ doc.date_and_time }}\n                            </span>\n                        </th>\n                    </tr>\n                    \n                    <tr class=\"header-row\">\n                        <th style=\"width: 5%; \"><span style=\"font-weight: bold;\">SN</span></th>\n                        <th style=\"width: 45%;\"><span style=\"font-weight: bold;\">DESCRIPTION</span></th>\n                        <th style=\"width: 7%;\"><span style=\"font-weight: bold;\">QTY</span></th>\n                        <th style=\"width: 15%;\"><span style=\"font-weight: bold;\">RATE</span></th>\n                        <th style=\"width: 8%;\"><span style=\"font-weight: bold;\">DISC</span></th>\n                        <th style=\"width: 20%;\"><span style=\"font-weight: bold;\">AMOUNT</span></th>\n                    </tr>\n    \n                    {% set max_rows = 25 %}\n                    {% set num_items = doc.nursing_items|length %}\n                    {% for item in doc.nursing_items[:max_rows] %}\n                    <tr class=\"product-row\">\n                        <td style=\"text-align: center;\">{{ loop.index }}</td>\n                        <td style=\"text-align: start;\">{{ item.item_name }}</td>\n                        <td style=\"text-align: center;\">{{ item.qty }}</td>\n                        <td style=\"text-align: end;\">\u20b9 {{ '%.2f'| format(item.rate) }}</td>\n                        <td style=\"text-align: end;\">{{ '%.2f'| format(item.discount_)}} %</td>\n                        <td style=\"text-align: end;\">\u20b9 {{ '%.2f'| format(item.amount) }}</td>\n                    </tr>\n                    {% endfor %}\n                    \n                    <!-- Fill empty rows if less than 12 items -->\n                    {% for i in range(num_items, max_rows) %}\n                    <tr class=\"product-row\">\n                        <td>&nbsp;</td>\n                        <td>&nbsp;</td>\n                        <td>&nbsp;</td>\n                        <td>&nbsp;</td>\n                        <td>&nbsp;</td>\n                        <td>&nbsp;</td>\n                    </tr>\n                    {% endfor %}\n    \n                    <!-- Product rows remain same -->\n    \n                    <tr class=\"total-row>\n                        <th colspan=\"3\">\n                            <span style=\"font-weight: bold; font-size: 12px;\">{{ doc.amount_in_words }}</span><br><br>\n                            <p style=\"font-weight: bold; font-size: 12px;\"> \n                                TOTAL ITEM : {{ doc.total_items }} &nbsp;&nbsp;&nbsp;&nbsp;&nbsp; \n                                TOTAL QTY: {{ doc.total_quantity }} &nbsp;&nbsp;&nbsp;&nbsp;&nbsp; \n                                YOU SAVED RUPEES :\u20b9 {{ \"{:,.2f}\".format(doc.saved_amount | float) }}\n                            </p>\n                        </th>\n                        <th colspan=\"3\" style=\"text-align: end;\">\n                            <span style=\"font-weight: bold; font-size: 20px;\">GRAND TOTAL &nbsp;&nbsp;&nbsp;\u20b9 {{ '%.2f'| format(doc.rounded_total_amount) }}</span>\n                        </th>\n                    </tr>\n                </table>\n                \n                <div class=\"table-border-close\"></div>\n                \n                <!--<div class=\"spacer\"></div>-->\n    \n                <!-- Updated Footer Section -->\n                <div class=\"footer-container\">\n                    <div class=\"refund-policy\" style=\"font-size: 9px;\">\n                        <p>You have to be with someone relative when coming for procedures.</p>\n                        <p>Refund policy is not available for Clinical procedure fee.</p>\n                    </div>\n                    <br>\n                    <div class=\"footer-flex\">\n                        <span style=\"font-weight: bold; text-align: start;\">\n                                GSTIN: 32CHZPS7837K1Z9&nbsp;&nbsp;&nbsp;&nbsp;&nbsp;&nbsp;DL NO: KL-IVM-100946, KL-TVM-100947\n                            </span>\n                    </div>\n                </div>\n            </div>\n        </div>\n    </body>\n    </html>\n{% endif%}",
 "idx": 0,
 "line_breaks": 0,
 "margin_bottom": 15.0,
 "margin_left": 15.0,
 "margin_right": 15.0,
 "margin_top": 15.0,
 "modified": "2025-04-08 11:36:09.351693",
 "modified_by": "Administrator",
 "module": "Health Care Management",
 "name": "Clinical inv",
 "owner": "Administrator",
 "page_number": "Hide",
 "print_designer": 0,
 "print_designer_template_app": "print_designer",
 "print_format_builder": 0,
 "print_format_builder_beta": 0,
 "print_format_type": "Jinja",
 "raw_printing": 0,
 "show_section_headings": 0,
 "standard": "Yes"
}