[
 {
  "docstatus": 0,
  "doctype": "Email Template",
  "modified": "2025-03-17 09:54:59.971806",
  "name": "Purchase Reconciliation",
  "response": "Hello,<br><br>We have made a purchase reconciliation for the period {{ inward_supply_from_date }} to {{ inward_supply_to_date }} for purchases made by {{ company }} from you.<br><br>You are requested to kindly make necessary corrections to the GST Portal on your end if required. The attached sheet is for your reference.",
  "response_html": null,
  "subject": "2A/2B Reconciliation for {{ supplier_name }}-{{ supplier_gstin }}",
  "use_html": 0
 },
 {
  "docstatus": 0,
  "doctype": "Email Template",
  "modified": "2025-02-20 16:31:12.643352",
  "name": "Dispatch Notification",
  "response": "<h1>Dispatch Notification</h1>\n<h3>Details:</h3>\n<table class=\"table table-bordered small\" style=\"max-width: 500px;\">\n    <tbody>\n        <tr>\n            <td>Customer's Name</td>\n            <td>{{ customer }}</td>\n        </tr>\n        <tr>\n            <td>Contact's Name</td>\n            <td>{{ first_name }} {{ last_name }}</td>\n        </tr>\n        <tr>\n            <td>Address Name</td>\n            <td>{{ address }}</td>\n        </tr>\n        <tr>\n            <td>Address Details</td>\n            <td>{{ customer_address }}</td>\n        </tr>\n        <tr>\n            <td>Order Number</td>\n            <td>{{ delivery_note }}</td>\n        </tr>\n        <tr>\n            <td>Order Total</td>\n            <td>{{ grand_total }}</td>\n        </tr>\n        <tr>\n            <td>Departure Time</td>\n            <td>{{ departure_time }}</td>\n        </tr>\n        <tr>\n            <td>Estimated Arrival</td>\n            <td>{{ estimated_arrival }}</td>\n        </tr>\n        <tr>\n            <td>Driver's Name</td>\n            <td>{{ driver_name }}</td>\n        </tr>\n        <tr>\n            <td>Driver's Number</td>\n            <td>{{ cell_number }}</td>\n        </tr>\n        <tr>\n            <td>Vehicle Number</td>\n            <td>{{ vehicle }}</td>\n        </tr>\n    </tbody>\n</table>\n",
  "response_html": null,
  "subject": "Your order is out for delivery!",
  "use_html": 0
 }
]