[
 {
  "_assign": null,
  "_comments": null,
  "_liked_by": null,
  "_user_tags": null,
  "app_name": "india_compliance",
  "custom": 0,
  "docstatus": 0,
  "doctype": "Module Def",
  "modified": "2025-03-17 09:54:42.056284",
  "module_name": "GST India",
  "name": "GST India",
  "package": null,
  "restrict_to_domain": null
 },
 {
  "_assign": null,
  "_comments": null,
  "_liked_by": null,
  "_user_tags": null,
  "app_name": "india_compliance",
  "custom": 0,
  "docstatus": 0,
  "doctype": "Module Def",
  "modified": "2025-03-17 09:54:42.325109",
  "module_name": "Income Tax India",
  "name": "Income Tax India",
  "package": null,
  "restrict_to_domain": null
 },
 {
  "_assign": null,
  "_comments": null,
  "_liked_by": null,
  "_user_tags": null,
  "app_name": "india_compliance",
  "custom": 0,
  "docstatus": 0,
  "doctype": "Module Def",
  "modified": "2025-03-17 09:54:42.565992",
  "module_name": "VAT India",
  "name": "VAT India",
  "package": null,
  "restrict_to_domain": null
 },
 {
  "_assign": null,
  "_comments": null,
  "_liked_by": null,
  "_user_tags": null,
  "app_name": "india_compliance",
  "custom": 0,
  "docstatus": 0,
  "doctype": "Module Def",
  "modified": "2025-03-17 09:54:42.807008",
  "module_name": "Audit Trail",
  "name": "Audit Trail",
  "package": null,
  "restrict_to_domain": null
 },
 {
  "_assign": null,
  "_comments": null,
  "_liked_by": null,
  "_user_tags": null,
  "app_name": "frappe",
  "custom": 0,
  "docstatus": 0,
  "doctype": "Module Def",
  "modified": "2025-02-20 15:39:58.932903",
  "module_name": "Core",
  "name": "Core",
  "package": null,
  "restrict_to_domain": null
 },
 {
  "_assign": null,
  "_comments": null,
  "_liked_by": null,
  "_user_tags": null,
  "app_name": "frappe",
  "custom": 0,
  "docstatus": 0,
  "doctype": "Module Def",
  "modified": "2025-02-20 15:40:03.040362",
  "module_name": "Website",
  "name": "Website",
  "package": null,
  "restrict_to_domain": null
 },
 {
  "_assign": null,
  "_comments": null,
  "_liked_by": null,
  "_user_tags": null,
  "app_name": "frappe",
  "custom": 0,
  "docstatus": 0,
  "doctype": "Module Def",
  "modified": "2025-02-20 15:40:06.637772",
  "module_name": "Workflow",
  "name": "Workflow",
  "package": null,
  "restrict_to_domain": null
 },
 {
  "_assign": null,
  "_comments": null,
  "_liked_by": null,
  "_user_tags": null,
  "app_name": "frappe",
  "custom": 0,
  "docstatus": 0,
  "doctype": "Module Def",
  "modified": "2025-02-20 15:40:07.462299",
  "module_name": "Email",
  "name": "Email",
  "package": null,
  "restrict_to_domain": null
 },
 {
  "_assign": null,
  "_comments": null,
  "_liked_by": null,
  "_user_tags": null,
  "app_name": "frappe",
  "custom": 0,
  "docstatus": 0,
  "doctype": "Module Def",
  "modified": "2025-02-20 15:40:09.248883",
  "module_name": "Custom",
  "name": "Custom",
  "package": null,
  "restrict_to_domain": null
 },
 {
  "_assign": null,
  "_comments": null,
  "_liked_by": null,
  "_user_tags": null,
  "app_name": "frappe",
  "custom": 0,
  "docstatus": 0,
  "doctype": "Module Def",
  "modified": "2025-02-20 15:40:10.248477",
  "module_name": "Geo",
  "name": "Geo",
  "package": null,
  "restrict_to_domain": null
 },
 {
  "_assign": null,
  "_comments": null,
  "_liked_by": null,
  "_user_tags": null,
  "app_name": "frappe",
  "custom": 0,
  "docstatus": 0,
  "doctype": "Module Def",
  "modified": "2025-02-20 15:40:10.722528",
  "module_name": "Desk",
  "name": "Desk",
  "package": null,
  "restrict_to_domain": null
 },
 {
  "_assign": null,
  "_comments": null,
  "_liked_by": null,
  "_user_tags": null,
  "app_name": "frappe",
  "custom": 0,
  "docstatus": 0,
  "doctype": "Module Def",
  "modified": "2025-02-20 15:40:13.600496",
  "module_name": "Integrations",
  "name": "Integrations",
  "package": null,
  "restrict_to_domain": null
 },
 {
  "_assign": null,
  "_comments": null,
  "_liked_by": null,
  "_user_tags": null,
  "app_name": "frappe",
  "custom": 0,
  "docstatus": 0,
  "doctype": "Module Def",
  "modified": "2025-02-20 15:40:16.378017",
  "module_name": "Printing",
  "name": "Printing",
  "package": null,
  "restrict_to_domain": null
 },
 {
  "_assign": null,
  "_comments": null,
  "_liked_by": null,
  "_user_tags": null,
  "app_name": "frappe",
  "custom": 0,
  "docstatus": 0,
  "doctype": "Module Def",
  "modified": "2025-02-20 15:40:17.266710",
  "module_name": "Contacts",
  "name": "Contacts",
  "package": null,
  "restrict_to_domain": null
 },
 {
  "_assign": null,
  "_comments": null,
  "_liked_by": null,
  "_user_tags": null,
  "app_name": "frappe",
  "custom": 0,
  "docstatus": 0,
  "doctype": "Module Def",
  "modified": "2025-02-20 15:40:18.233225",
  "module_name": "Social",
  "name": "Social",
  "package": null,
  "restrict_to_domain": null
 },
 {
  "_assign": null,
  "_comments": null,
  "_liked_by": null,
  "_user_tags": null,
  "app_name": "frappe",
  "custom": 0,
  "docstatus": 0,
  "doctype": "Module Def",
  "modified": "2025-02-20 15:40:18.785062",
  "module_name": "Automation",
  "name": "Automation",
  "package": null,
  "restrict_to_domain": null
 },
 {
  "_assign": null,
  "_comments": null,
  "_liked_by": null,
  "_user_tags": null,
  "app_name": "payments",
  "custom": 0,
  "docstatus": 0,
  "doctype": "Module Def",
  "modified": "2025-02-20 15:41:20.115366",
  "module_name": "Payments",
  "name": "Payments",
  "package": null,
  "restrict_to_domain": null
 },
 {
  "_assign": null,
  "_comments": null,
  "_liked_by": null,
  "_user_tags": null,
  "app_name": "payments",
  "custom": 0,
  "docstatus": 0,
  "doctype": "Module Def",
  "modified": "2025-02-20 15:41:20.311530",
  "module_name": "Payment Gateways",
  "name": "Payment Gateways",
  "package": null,
  "restrict_to_domain": null
 },
 {
  "_assign": null,
  "_comments": null,
  "_liked_by": null,
  "_user_tags": null,
  "app_name": "erpnext",
  "custom": 0,
  "docstatus": 0,
  "doctype": "Module Def",
  "modified": "2025-02-20 15:42:37.282414",
  "module_name": "Accounts",
  "name": "Accounts",
  "package": null,
  "restrict_to_domain": null
 },
 {
  "_assign": null,
  "_comments": null,
  "_liked_by": null,
  "_user_tags": null,
  "app_name": "erpnext",
  "custom": 0,
  "docstatus": 0,
  "doctype": "Module Def",
  "modified": "2025-02-20 15:42:37.464688",
  "module_name": "CRM",
  "name": "CRM",
  "package": null,
  "restrict_to_domain": null
 },
 {
  "_assign": null,
  "_comments": null,
  "_liked_by": null,
  "_user_tags": null,
  "app_name": "erpnext",
  "custom": 0,
  "docstatus": 0,
  "doctype": "Module Def",
  "modified": "2025-02-20 15:42:37.632408",
  "module_name": "Buying",
  "name": "Buying",
  "package": null,
  "restrict_to_domain": null
 },
 {
  "_assign": null,
  "_comments": null,
  "_liked_by": null,
  "_user_tags": null,
  "app_name": "erpnext",
  "custom": 0,
  "docstatus": 0,
  "doctype": "Module Def",
  "modified": "2025-02-20 15:42:37.801279",
  "module_name": "Projects",
  "name": "Projects",
  "package": null,
  "restrict_to_domain": null
 },
 {
  "_assign": null,
  "_comments": null,
  "_liked_by": null,
  "_user_tags": null,
  "app_name": "erpnext",
  "custom": 0,
  "docstatus": 0,
  "doctype": "Module Def",
  "modified": "2025-02-20 15:42:37.968858",
  "module_name": "Selling",
  "name": "Selling",
  "package": null,
  "restrict_to_domain": null
 },
 {
  "_assign": null,
  "_comments": null,
  "_liked_by": null,
  "_user_tags": null,
  "app_name": "erpnext",
  "custom": 0,
  "docstatus": 0,
  "doctype": "Module Def",
  "modified": "2025-02-20 15:42:38.136514",
  "module_name": "Setup",
  "name": "Setup",
  "package": null,
  "restrict_to_domain": null
 },
 {
  "_assign": null,
  "_comments": null,
  "_liked_by": null,
  "_user_tags": null,
  "app_name": "erpnext",
  "custom": 0,
  "docstatus": 0,
  "doctype": "Module Def",
  "modified": "2025-02-20 15:42:38.309295",
  "module_name": "Manufacturing",
  "name": "Manufacturing",
  "package": null,
  "restrict_to_domain": null
 },
 {
  "_assign": null,
  "_comments": null,
  "_liked_by": null,
  "_user_tags": null,
  "app_name": "erpnext",
  "custom": 0,
  "docstatus": 0,
  "doctype": "Module Def",
  "modified": "2025-02-20 15:42:38.478469",
  "module_name": "Stock",
  "name": "Stock",
  "package": null,
  "restrict_to_domain": null
 },
 {
  "_assign": null,
  "_comments": null,
  "_liked_by": null,
  "_user_tags": null,
  "app_name": "erpnext",
  "custom": 0,
  "docstatus": 0,
  "doctype": "Module Def",
  "modified": "2025-02-20 15:42:38.650104",
  "module_name": "Support",
  "name": "Support",
  "package": null,
  "restrict_to_domain": null
 },
 {
  "_assign": null,
  "_comments": null,
  "_liked_by": null,
  "_user_tags": null,
  "app_name": "erpnext",
  "custom": 0,
  "docstatus": 0,
  "doctype": "Module Def",
  "modified": "2025-02-20 15:42:38.819470",
  "module_name": "Utilities",
  "name": "Utilities",
  "package": null,
  "restrict_to_domain": null
 },
 {
  "_assign": null,
  "_comments": null,
  "_liked_by": null,
  "_user_tags": null,
  "app_name": "erpnext",
  "custom": 0,
  "docstatus": 0,
  "doctype": "Module Def",
  "modified": "2025-02-20 15:42:38.987949",
  "module_name": "Assets",
  "name": "Assets",
  "package": null,
  "restrict_to_domain": null
 },
 {
  "_assign": null,
  "_comments": null,
  "_liked_by": null,
  "_user_tags": null,
  "app_name": "erpnext",
  "custom": 0,
  "docstatus": 0,
  "doctype": "Module Def",
  "modified": "2025-02-20 15:42:39.151389",
  "module_name": "Portal",
  "name": "Portal",
  "package": null,
  "restrict_to_domain": null
 },
 {
  "_assign": null,
  "_comments": null,
  "_liked_by": null,
  "_user_tags": null,
  "app_name": "erpnext",
  "custom": 0,
  "docstatus": 0,
  "doctype": "Module Def",
  "modified": "2025-02-20 15:42:39.322435",
  "module_name": "Maintenance",
  "name": "Maintenance",
  "package": null,
  "restrict_to_domain": null
 },
 {
  "_assign": null,
  "_comments": null,
  "_liked_by": null,
  "_user_tags": null,
  "app_name": "erpnext",
  "custom": 0,
  "docstatus": 0,
  "doctype": "Module Def",
  "modified": "2025-02-20 15:42:39.486419",
  "module_name": "Regional",
  "name": "Regional",
  "package": null,
  "restrict_to_domain": null
 },
 {
  "_assign": null,
  "_comments": null,
  "_liked_by": null,
  "_user_tags": null,
  "app_name": "erpnext",
  "custom": 0,
  "docstatus": 0,
  "doctype": "Module Def",
  "modified": "2025-02-20 15:42:39.653876",
  "module_name": "ERPNext Integrations",
  "name": "ERPNext Integrations",
  "package": null,
  "restrict_to_domain": null
 },
 {
  "_assign": null,
  "_comments": null,
  "_liked_by": null,
  "_user_tags": null,
  "app_name": "erpnext",
  "custom": 0,
  "docstatus": 0,
  "doctype": "Module Def",
  "modified": "2025-02-20 15:42:39.818511",
  "module_name": "Quality Management",
  "name": "Quality Management",
  "package": null,
  "restrict_to_domain": null
 },
 {
  "_assign": null,
  "_comments": null,
  "_liked_by": null,
  "_user_tags": null,
  "app_name": "erpnext",
  "custom": 0,
  "docstatus": 0,
  "doctype": "Module Def",
  "modified": "2025-02-20 15:42:39.985919",
  "module_name": "Communication",
  "name": "Communication",
  "package": null,
  "restrict_to_domain": null
 },
 {
  "_assign": null,
  "_comments": null,
  "_liked_by": null,
  "_user_tags": null,
  "app_name": "erpnext",
  "custom": 0,
  "docstatus": 0,
  "doctype": "Module Def",
  "modified": "2025-02-20 15:42:40.153190",
  "module_name": "Telephony",
  "name": "Telephony",
  "package": null,
  "restrict_to_domain": null
 },
 {
  "_assign": null,
  "_comments": null,
  "_liked_by": null,
  "_user_tags": null,
  "app_name": "erpnext",
  "custom": 0,
  "docstatus": 0,
  "doctype": "Module Def",
  "modified": "2025-02-20 15:42:40.324016",
  "module_name": "Bulk Transaction",
  "name": "Bulk Transaction",
  "package": null,
  "restrict_to_domain": null
 },
 {
  "_assign": null,
  "_comments": null,
  "_liked_by": null,
  "_user_tags": null,
  "app_name": "erpnext",
  "custom": 0,
  "docstatus": 0,
  "doctype": "Module Def",
  "modified": "2025-02-20 15:42:40.492874",
  "module_name": "Subcontracting",
  "name": "Subcontracting",
  "package": null,
  "restrict_to_domain": null
 },
 {
  "_assign": null,
  "_comments": null,
  "_liked_by": null,
  "_user_tags": null,
  "app_name": "erpnext",
  "custom": 0,
  "docstatus": 0,
  "doctype": "Module Def",
  "modified": "2025-02-20 15:42:40.663677",
  "module_name": "EDI",
  "name": "EDI",
  "package": null,
  "restrict_to_domain": null
 },
 {
  "_assign": null,
  "_comments": null,
  "_liked_by": null,
  "_user_tags": null,
  "app_name": "chat",
  "custom": 0,
  "docstatus": 0,
  "doctype": "Module Def",
  "modified": "2025-02-20 15:44:25.886000",
  "module_name": "Frappe Chat",
  "name": "Frappe Chat",
  "package": null,
  "restrict_to_domain": null
 },
 {
  "_assign": null,
  "_comments": null,
  "_liked_by": null,
  "_user_tags": null,
  "app_name": "healthcare",
  "custom": 0,
  "docstatus": 0,
  "doctype": "Module Def",
  "modified": "2025-02-20 15:46:07.125318",
  "module_name": "Healthcare",
  "name": "Healthcare",
  "package": null,
  "restrict_to_domain": null
 },
 {
  "_assign": null,
  "_comments": null,
  "_liked_by": null,
  "_user_tags": null,
  "app_name": "healthcare_management",
  "custom": 0,
  "docstatus": 0,
  "doctype": "Module Def",
  "modified": "2025-02-25 16:07:20.324477",
  "module_name": "Health Care Management",
  "name": "Health Care Management",
  "package": null,
  "restrict_to_domain": null
 },
 {
  "_assign": null,
  "_comments": null,
  "_liked_by": null,
  "_user_tags": null,
  "app_name": "print_designer",
  "custom": 0,
  "docstatus": 0,
  "doctype": "Module Def",
  "modified": "2025-03-19 13:03:21.195087",
  "module_name": "Print Designer",
  "name": "Print Designer",
  "package": null,
  "restrict_to_domain": null
 }
]