[
 {
  "attach_print": 0,
  "channel": "Email",
  "condition": "doc.auto_created",
  "date_changed": null,
  "days_in_advance": 0,
  "docstatus": 0,
  "doctype": "Notification",
  "document_type": "Fiscal Year",
  "enabled": 1,
  "event": "New",
  "is_standard": 1,
  "message": "<h3>{{_(\"Fiscal Year\")}}</h3>\n\n<p>{{ _(\"New fiscal year created :- \") }} {{ doc.name }}</p>",
  "message_type": null,
  "method": null,
  "modified": "2018-04-25 14:30:38.588534",
  "module": "Accounts",
  "name": "Notification for new fiscal year",
  "print_format": null,
  "property_value": null,
  "recipients": [
   {
    "bcc": null,
    "cc": null,
    "condition": null,
    "parent": "Notification for new fiscal year",
    "parentfield": "recipients",
    "parenttype": "Notification",
    "receiver_by_document_field": null,
    "receiver_by_role": null
   },
   {
    "bcc": null,
    "cc": null,
    "condition": null,
    "parent": "Notification for new fiscal year",
    "parentfield": "recipients",
    "parenttype": "Notification",
    "receiver_by_document_field": null,
    "receiver_by_role": null
   }
  ],
  "send_system_notification": 0,
  "send_to_all_assignees": 0,
  "sender": null,
  "sender_email": null,
  "set_property_after_alert": null,
  "slack_webhook_url": null,
  "subject": "Notification for new fiscal year {{ doc.name }}",
  "value_changed": null
 },
 {
  "attach_print": 0,
  "channel": "Email",
  "condition": "doc.status == \"Received\" or doc.status == \"Partially Received\"",
  "date_changed": null,
  "days_in_advance": 0,
  "docstatus": 0,
  "doctype": "Notification",
  "document_type": "Material Request",
  "enabled": 1,
  "event": "Value Change",
  "is_standard": 1,
  "message": "<b>Material Request Type</b>: {{ doc.material_request_type }}<br>\n<b>Company</b>: {{ doc.company }}\n\n<h3>Order Summary</h3>\n\n<table border=2 >\n    <tr align=\"center\">\n        <th>Item Name</th>\n        <th>Received Quantity</th>\n    </tr>\n    {% for item in doc.items %}\n        {% if frappe.utils.flt(item.received_qty, 2) > 0.0 %}\n            <tr align=\"center\">\n                <td>{{ item.item_code }}</td>\n                <td>{{ frappe.utils.flt(item.received_qty, 2) }}</td>\n            </tr>\n        {% endif %}\n    {% endfor %}\n</table>",
  "message_type": null,
  "method": "",
  "modified": "2019-05-01 18:02:51.090037",
  "module": "Manufacturing",
  "name": "Material Request Receipt Notification",
  "print_format": null,
  "property_value": null,
  "recipients": [
   {
    "bcc": null,
    "cc": null,
    "condition": null,
    "parent": "Material Request Receipt Notification",
    "parentfield": "recipients",
    "parenttype": "Notification",
    "receiver_by_document_field": null,
    "receiver_by_role": null
   }
  ],
  "send_system_notification": 0,
  "send_to_all_assignees": 0,
  "sender": null,
  "sender_email": "",
  "set_property_after_alert": null,
  "slack_webhook_url": null,
  "subject": "{{ doc.name }} has been received",
  "value_changed": "status"
 }
]