[
 {
  "default_value": null,
  "doc_type": "Pharmaceuticals",
  "docstatus": 0,
  "doctype": "Property Setter",
  "doctype_or_field": "DocType",
  "field_name": null,
  "is_system_generated": 0,
  "modified": "2025-03-12 12:03:29.742036",
  "module": null,
  "name": "Pharmaceuticals-main-field_order",
  "property": "field_order",
  "property_type": "Data",
  "row_name": null,
  "value": "[\"hsn\", \"item_code\", \"item_name\", \"batch\", \"expiry_date\", \"qty\", \"mrp\", \"discount_\", \"gst_\", \"amount\", \"strips\", \"nos\", \"tablets_per_strip\", \"custom_tax_amount\", \"custom_cgst_\", \"custom_sgst_\", \"custom_cgst_amount\", \"custom_sgst_amount\", \"custom_amount_before_tax\", \"custom_amount_after_tax\", \"original_mrp\"]"
 },
 {
  "default_value": null,
  "doc_type": "Pharmaceuticals",
  "docstatus": 0,
  "doctype": "Property Setter",
  "doctype_or_field": "DocField",
  "field_name": "qty",
  "is_system_generated": 0,
  "modified": "2025-03-12 12:03:29.830637",
  "module": null,
  "name": "Pharmaceuticals-qty-non_negative",
  "property": "non_negative",
  "property_type": "Check",
  "row_name": null,
  "value": "0"
 },
 {
  "default_value": null,
  "doc_type": "Pharmaceuticals",
  "docstatus": 0,
  "doctype": "Property Setter",
  "doctype_or_field": "DocField",
  "field_name": "discount_",
  "is_system_generated": 0,
  "modified": "2025-03-12 12:03:29.889556",
  "module": null,
  "name": "Pharmaceuticals-discount_-non_negative",
  "property": "non_negative",
  "property_type": "Check",
  "row_name": null,
  "value": "0"
 },
 {
  "default_value": null,
  "doc_type": "Pharmaceuticals",
  "docstatus": 0,
  "doctype": "Property Setter",
  "doctype_or_field": "DocField",
  "field_name": "gst_",
  "is_system_generated": 0,
  "modified": "2025-03-12 12:03:29.948913",
  "module": null,
  "name": "Pharmaceuticals-gst_-non_negative",
  "property": "non_negative",
  "property_type": "Check",
  "row_name": null,
  "value": "1"
 },
 {
  "default_value": null,
  "doc_type": "Pharmaceuticals",
  "docstatus": 0,
  "doctype": "Property Setter",
  "doctype_or_field": "DocField",
  "field_name": "gst_",
  "is_system_generated": 0,
  "modified": "2025-03-12 12:03:30.008559",
  "module": null,
  "name": "Pharmaceuticals-gst_-depends_on",
  "property": "depends_on",
  "property_type": "Data",
  "row_name": null,
  "value": "eval:doc.gst_ > 0 && doc.gst_ <= 101"
 },
 {
  "default_value": null,
  "doc_type": "Purchase Invoice",
  "docstatus": 0,
  "doctype": "Property Setter",
  "doctype_or_field": "DocType",
  "field_name": null,
  "is_system_generated": 1,
  "modified": "2025-03-17 09:54:50.717235",
  "module": null,
  "name": "Purchase Invoice-main-track_changes",
  "property": "track_changes",
  "property_type": "Check",
  "row_name": null,
  "value": "1"
 },
 {
  "default_value": null,
  "doc_type": "Process Deferred Accounting",
  "docstatus": 0,
  "doctype": "Property Setter",
  "doctype_or_field": "DocType",
  "field_name": null,
  "is_system_generated": 1,
  "modified": "2025-03-17 09:54:50.737188",
  "module": null,
  "name": "Process Deferred Accounting-main-track_changes",
  "property": "track_changes",
  "property_type": "Check",
  "row_name": null,
  "value": "1"
 },
 {
  "default_value": null,
  "doc_type": "Accounts Settings",
  "docstatus": 0,
  "doctype": "Property Setter",
  "doctype_or_field": "DocType",
  "field_name": null,
  "is_system_generated": 1,
  "modified": "2025-03-17 09:54:50.747507",
  "module": null,
  "name": "Accounts Settings-main-track_changes",
  "property": "track_changes",
  "property_type": "Check",
  "row_name": null,
  "value": "1"
 },
 {
  "default_value": null,
  "doc_type": "Payment Entry",
  "docstatus": 0,
  "doctype": "Property Setter",
  "doctype_or_field": "DocType",
  "field_name": null,
  "is_system_generated": 1,
  "modified": "2025-03-17 09:54:50.762666",
  "module": null,
  "name": "Payment Entry-main-track_changes",
  "property": "track_changes",
  "property_type": "Check",
  "row_name": null,
  "value": "1"
 },
 {
  "default_value": null,
  "doc_type": "Invoice Discounting",
  "docstatus": 0,
  "doctype": "Property Setter",
  "doctype_or_field": "DocType",
  "field_name": null,
  "is_system_generated": 1,
  "modified": "2025-03-17 09:54:50.777362",
  "module": null,
  "name": "Invoice Discounting-main-track_changes",
  "property": "track_changes",
  "property_type": "Check",
  "row_name": null,
  "value": "1"
 },
 {
  "default_value": null,
  "doc_type": "Period Closing Voucher",
  "docstatus": 0,
  "doctype": "Property Setter",
  "doctype_or_field": "DocType",
  "field_name": null,
  "is_system_generated": 1,
  "modified": "2025-03-17 09:54:50.792548",
  "module": null,
  "name": "Period Closing Voucher-main-track_changes",
  "property": "track_changes",
  "property_type": "Check",
  "row_name": null,
  "value": "1"
 },
 {
  "default_value": null,
  "doc_type": "POS Invoice",
  "docstatus": 0,
  "doctype": "Property Setter",
  "doctype_or_field": "DocType",
  "field_name": null,
  "is_system_generated": 1,
  "modified": "2025-03-17 09:54:50.811370",
  "module": null,
  "name": "POS Invoice-main-track_changes",
  "property": "track_changes",
  "property_type": "Check",
  "row_name": null,
  "value": "1"
 },
 {
  "default_value": null,
  "doc_type": "Stock Reconciliation",
  "docstatus": 0,
  "doctype": "Property Setter",
  "doctype_or_field": "DocType",
  "field_name": null,
  "is_system_generated": 1,
  "modified": "2025-03-17 09:54:50.826598",
  "module": null,
  "name": "Stock Reconciliation-main-track_changes",
  "property": "track_changes",
  "property_type": "Check",
  "row_name": null,
  "value": "1"
 },
 {
  "default_value": null,
  "doc_type": "Asset Repair",
  "docstatus": 0,
  "doctype": "Property Setter",
  "doctype_or_field": "DocType",
  "field_name": null,
  "is_system_generated": 1,
  "modified": "2025-03-17 09:54:50.842232",
  "module": null,
  "name": "Asset Repair-main-track_changes",
  "property": "track_changes",
  "property_type": "Check",
  "row_name": null,
  "value": "1"
 },
 {
  "default_value": null,
  "doc_type": "Purchase Receipt",
  "docstatus": 0,
  "doctype": "Property Setter",
  "doctype_or_field": "DocType",
  "field_name": null,
  "is_system_generated": 1,
  "modified": "2025-03-17 09:54:50.855391",
  "module": null,
  "name": "Purchase Receipt-main-track_changes",
  "property": "track_changes",
  "property_type": "Check",
  "row_name": null,
  "value": "1"
 },
 {
  "default_value": null,
  "doc_type": "Landed Cost Voucher",
  "docstatus": 0,
  "doctype": "Property Setter",
  "doctype_or_field": "DocType",
  "field_name": null,
  "is_system_generated": 1,
  "modified": "2025-03-17 09:54:50.870663",
  "module": null,
  "name": "Landed Cost Voucher-main-track_changes",
  "property": "track_changes",
  "property_type": "Check",
  "row_name": null,
  "value": "1"
 },
 {
  "default_value": null,
  "doc_type": "Sales Invoice",
  "docstatus": 0,
  "doctype": "Property Setter",
  "doctype_or_field": "DocType",
  "field_name": null,
  "is_system_generated": 1,
  "modified": "2025-03-17 09:54:50.880673",
  "module": null,
  "name": "Sales Invoice-main-track_changes",
  "property": "track_changes",
  "property_type": "Check",
  "row_name": null,
  "value": "1"
 },
 {
  "default_value": null,
  "doc_type": "Asset",
  "docstatus": 0,
  "doctype": "Property Setter",
  "doctype_or_field": "DocType",
  "field_name": null,
  "is_system_generated": 1,
  "modified": "2025-03-17 09:54:50.896341",
  "module": null,
  "name": "Asset-main-track_changes",
  "property": "track_changes",
  "property_type": "Check",
  "row_name": null,
  "value": "1"
 },
 {
  "default_value": null,
  "doc_type": "Dunning",
  "docstatus": 0,
  "doctype": "Property Setter",
  "doctype_or_field": "DocType",
  "field_name": null,
  "is_system_generated": 1,
  "modified": "2025-03-17 09:54:50.911711",
  "module": null,
  "name": "Dunning-main-track_changes",
  "property": "track_changes",
  "property_type": "Check",
  "row_name": null,
  "value": "1"
 },
 {
  "default_value": null,
  "doc_type": "Stock Entry",
  "docstatus": 0,
  "doctype": "Property Setter",
  "doctype_or_field": "DocType",
  "field_name": null,
  "is_system_generated": 1,
  "modified": "2025-03-17 09:54:50.924936",
  "module": null,
  "name": "Stock Entry-main-track_changes",
  "property": "track_changes",
  "property_type": "Check",
  "row_name": null,
  "value": "1"
 },
 {
  "default_value": null,
  "doc_type": "Subcontracting Receipt",
  "docstatus": 0,
  "doctype": "Property Setter",
  "doctype_or_field": "DocType",
  "field_name": null,
  "is_system_generated": 1,
  "modified": "2025-03-17 09:54:50.939074",
  "module": null,
  "name": "Subcontracting Receipt-main-track_changes",
  "property": "track_changes",
  "property_type": "Check",
  "row_name": null,
  "value": "1"
 },
 {
  "default_value": null,
  "doc_type": "Bill of Entry",
  "docstatus": 0,
  "doctype": "Property Setter",
  "doctype_or_field": "DocType",
  "field_name": null,
  "is_system_generated": 1,
  "modified": "2025-03-17 09:54:50.958896",
  "module": null,
  "name": "Bill of Entry-main-track_changes",
  "property": "track_changes",
  "property_type": "Check",
  "row_name": null,
  "value": "1"
 },
 {
  "default_value": null,
  "doc_type": "Delivery Note",
  "docstatus": 0,
  "doctype": "Property Setter",
  "doctype_or_field": "DocType",
  "field_name": null,
  "is_system_generated": 1,
  "modified": "2025-03-17 09:54:50.974356",
  "module": null,
  "name": "Delivery Note-main-track_changes",
  "property": "track_changes",
  "property_type": "Check",
  "row_name": null,
  "value": "1"
 },
 {
  "default_value": null,
  "doc_type": "Asset Capitalization",
  "docstatus": 0,
  "doctype": "Property Setter",
  "doctype_or_field": "DocType",
  "field_name": null,
  "is_system_generated": 1,
  "modified": "2025-03-17 09:54:50.989986",
  "module": null,
  "name": "Asset Capitalization-main-track_changes",
  "property": "track_changes",
  "property_type": "Check",
  "row_name": null,
  "value": "1"
 },
 {
  "default_value": null,
  "doc_type": "Journal Entry",
  "docstatus": 0,
  "doctype": "Property Setter",
  "doctype_or_field": "DocType",
  "field_name": null,
  "is_system_generated": 1,
  "modified": "2025-03-17 09:54:51.005228",
  "module": null,
  "name": "Journal Entry-main-track_changes",
  "property": "track_changes",
  "property_type": "Check",
  "row_name": null,
  "value": "1"
 },
 {
  "default_value": null,
  "doc_type": "Journal Entry",
  "docstatus": 0,
  "doctype": "Property Setter",
  "doctype_or_field": "DocField",
  "field_name": "voucher_type",
  "is_system_generated": 1,
  "modified": "2025-03-17 09:54:59.392191",
  "module": null,
  "name": "Journal Entry-voucher_type-options",
  "property": "options",
  "property_type": "Small Text",
  "row_name": null,
  "value": "Journal Entry\nInter Company Journal Entry\nBank Entry\nCash Entry\nCredit Card Entry\nDebit Note\nCredit Note\nContra Entry\nExcise Entry\nWrite Off Entry\nOpening Entry\nDepreciation Entry\nExchange Rate Revaluation\nExchange Gain Or Loss\nDeferred Revenue\nDeferred Expense\nReversal Of ITC\nReclaim of ITC Reversal"
 },
 {
  "default_value": null,
  "doc_type": "Delivery Note",
  "docstatus": 0,
  "doctype": "Property Setter",
  "doctype_or_field": "DocField",
  "field_name": "naming_series",
  "is_system_generated": 1,
  "modified": "2025-03-17 09:54:59.404568",
  "module": null,
  "name": "Delivery Note-naming_series-options",
  "property": "options",
  "property_type": "Small Text",
  "row_name": null,
  "value": "DN-.YY.-\nDRET-.YY.-\n\nMAT-DN-.YYYY.-\nMAT-DN-RET-.YYYY.-"
 },
 {
  "default_value": null,
  "doc_type": "Sales Invoice",
  "docstatus": 0,
  "doctype": "Property Setter",
  "doctype_or_field": "DocField",
  "field_name": "naming_series",
  "is_system_generated": 1,
  "modified": "2025-03-17 09:54:59.419409",
  "module": null,
  "name": "Sales Invoice-naming_series-options",
  "property": "options",
  "property_type": "Small Text",
  "row_name": null,
  "value": "SINV-.YY.-\nSRET-.YY.-\n\nACC-SINV-.YYYY.-\nACC-SINV-RET-.YYYY.-"
 },
 {
  "default_value": null,
  "doc_type": "Purchase Invoice",
  "docstatus": 0,
  "doctype": "Property Setter",
  "doctype_or_field": "DocField",
  "field_name": "naming_series",
  "is_system_generated": 1,
  "modified": "2025-03-17 09:54:59.429367",
  "module": null,
  "name": "Purchase Invoice-naming_series-options",
  "property": "options",
  "property_type": "Small Text",
  "row_name": null,
  "value": "PINV-.YY.-\nPRET-.YY.-\n\nACC-PINV-.YYYY.-\nACC-PINV-RET-.YYYY.-"
 },
 {
  "default_value": null,
  "doc_type": "Purchase Receipt",
  "docstatus": 0,
  "doctype": "Property Setter",
  "doctype_or_field": "DocField",
  "field_name": "naming_series",
  "is_system_generated": 1,
  "modified": "2025-03-17 09:54:59.442929",
  "module": null,
  "name": "Purchase Receipt-naming_series-options",
  "property": "options",
  "property_type": "Small Text",
  "row_name": null,
  "value": "PR-.YY.-\nPRRET-.YY.-\n\nMAT-PRE-.YYYY.-\nMAT-PR-RET-.YYYY.-"
 },
 {
  "default_value": null,
  "doc_type": "Journal Entry Account",
  "docstatus": 0,
  "doctype": "Property Setter",
  "doctype_or_field": "DocField",
  "field_name": "reference_type",
  "is_system_generated": 1,
  "modified": "2025-03-17 09:54:59.455858",
  "module": null,
  "name": "Journal Entry Account-reference_type-options",
  "property": "options",
  "property_type": "Small Text",
  "row_name": null,
  "value": "\nSales Invoice\nPurchase Invoice\nJournal Entry\nSales Order\nPurchase Order\nExpense Claim\nAsset\nLoan\nPayroll Entry\nEmployee Advance\nExchange Rate Revaluation\nInvoice Discounting\nFees\nFull and Final Statement\nPayment Entry\nBill of Entry"
 },
 {
  "default_value": null,
  "doc_type": "Stock Entry",
  "docstatus": 0,
  "doctype": "Property Setter",
  "doctype_or_field": "DocField",
  "field_name": "naming_series",
  "is_system_generated": 1,
  "modified": "2025-03-17 09:54:59.466879",
  "module": null,
  "name": "Stock Entry-naming_series-options",
  "property": "options",
  "property_type": "Small Text",
  "row_name": null,
  "value": "MAT-STE-\nMAT-STE-.YYYY.-"
 },
 {
  "default_value": null,
  "doc_type": "Subcontracting Receipt",
  "docstatus": 0,
  "doctype": "Property Setter",
  "doctype_or_field": "DocField",
  "field_name": "naming_series",
  "is_system_generated": 1,
  "modified": "2025-03-17 09:54:59.477536",
  "module": null,
  "name": "Subcontracting Receipt-naming_series-options",
  "property": "options",
  "property_type": "Small Text",
  "row_name": null,
  "value": "MAT-SCR-\nMAT-SCR-.YYYY.-\nMAT-SCR-RET-.YYYY.-"
 },
 {
  "default_value": null,
  "doc_type": "Purchase Invoice",
  "docstatus": 0,
  "doctype": "Property Setter",
  "doctype_or_field": "DocField",
  "field_name": "bill_no",
  "is_system_generated": 1,
  "modified": "2025-03-17 09:54:59.489158",
  "module": null,
  "name": "Purchase Invoice-bill_no-mandatory_depends_on",
  "property": "mandatory_depends_on",
  "property_type": "Code",
  "row_name": null,
  "value": "eval: doc.gst_category !== 'Unregistered' && gst_settings.require_supplier_invoice_no === 1 && doc.company_gstin"
 },
 {
  "default_value": null,
  "doc_type": "Address",
  "docstatus": 0,
  "doctype": "Property Setter",
  "doctype_or_field": "DocField",
  "field_name": "state",
  "is_system_generated": 1,
  "modified": "2025-03-17 09:54:59.500610",
  "module": null,
  "name": "Address-state-fieldtype",
  "property": "fieldtype",
  "property_type": "Select",
  "row_name": null,
  "value": "Autocomplete"
 },
 {
  "default_value": null,
  "doc_type": "Address",
  "docstatus": 0,
  "doctype": "Property Setter",
  "doctype_or_field": "DocField",
  "field_name": "state",
  "is_system_generated": 1,
  "modified": "2025-03-17 09:54:59.510855",
  "module": null,
  "name": "Address-state-mandatory_depends_on",
  "property": "mandatory_depends_on",
  "property_type": "Code",
  "row_name": null,
  "value": "eval: doc.country == 'India'"
 },
 {
  "default_value": null,
  "doc_type": "Address",
  "docstatus": 0,
  "doctype": "Property Setter",
  "doctype_or_field": "DocField",
  "field_name": "pincode",
  "is_system_generated": 1,
  "modified": "2025-03-17 09:54:59.522497",
  "module": null,
  "name": "Address-pincode-mandatory_depends_on",
  "property": "mandatory_depends_on",
  "property_type": "Code",
  "row_name": null,
  "value": "eval: doc.country == 'India' &&(gst_settings.enable_e_invoice || gst_settings.enable_e_waybill)"
 },
 {
  "default_value": null,
  "doc_type": "Address",
  "docstatus": 0,
  "doctype": "Property Setter",
  "doctype_or_field": "DocType",
  "field_name": null,
  "is_system_generated": 1,
  "modified": "2025-03-17 09:54:59.532488",
  "module": null,
  "name": "Address-main-quick_entry",
  "property": "quick_entry",
  "property_type": "Check",
  "row_name": null,
  "value": "1"
 },
 {
  "default_value": null,
  "doc_type": "Accounts Settings",
  "docstatus": 0,
  "doctype": "Property Setter",
  "doctype_or_field": "DocField",
  "field_name": "determine_address_tax_category_from",
  "is_system_generated": 1,
  "modified": "2025-03-17 09:54:59.551704",
  "module": null,
  "name": "Accounts Settings-determine_address_tax_category_from-read_only",
  "property": "read_only",
  "property_type": "Check",
  "row_name": null,
  "value": "0"
 },
 {
  "default_value": null,
  "doc_type": "Accounts Settings",
  "docstatus": 0,
  "doctype": "Property Setter",
  "doctype_or_field": "DocField",
  "field_name": "add_taxes_from_item_tax_template",
  "is_system_generated": 1,
  "modified": "2025-03-17 09:54:59.561360",
  "module": null,
  "name": "Accounts Settings-add_taxes_from_item_tax_template-read_only",
  "property": "read_only",
  "property_type": "Check",
  "row_name": null,
  "value": "1"
 },
 {
  "default_value": null,
  "doc_type": "Accounts Settings",
  "docstatus": 0,
  "doctype": "Property Setter",
  "doctype_or_field": "DocField",
  "field_name": "add_taxes_from_item_tax_template",
  "is_system_generated": 1,
  "modified": "2025-03-17 09:54:59.573307",
  "module": null,
  "name": "Accounts Settings-add_taxes_from_item_tax_template-description",
  "property": "description",
  "property_type": "Small Text",
  "row_name": null,
  "value": "Overridden by India Compliance"
 },
 {
  "default_value": null,
  "doc_type": "Accounts Settings",
  "docstatus": 0,
  "doctype": "Property Setter",
  "doctype_or_field": "DocField",
  "field_name": "tax_settings_section",
  "is_system_generated": 1,
  "modified": "2025-03-17 09:54:59.585017",
  "module": null,
  "name": "Accounts Settings-tax_settings_section-label",
  "property": "label",
  "property_type": "Data",
  "row_name": null,
  "value": "Tax Settings"
 },
 {
  "default_value": null,
  "doc_type": "Accounts Settings",
  "docstatus": 0,
  "doctype": "Property Setter",
  "doctype_or_field": "DocField",
  "field_name": "tax_settings_section",
  "is_system_generated": 1,
  "modified": "2025-03-17 09:54:59.609584",
  "module": null,
  "name": "Accounts Settings-tax_settings_section-collapsible",
  "property": "collapsible",
  "property_type": "Check",
  "row_name": null,
  "value": "0"
 },
 {
  "default_value": null,
  "doc_type": "Purchase Reconciliation Tool",
  "docstatus": 0,
  "doctype": "Property Setter",
  "doctype_or_field": "DocType",
  "field_name": null,
  "is_system_generated": 1,
  "modified": "2025-03-17 09:54:59.624446",
  "module": null,
  "name": "Purchase Reconciliation Tool-main-default_email_template",
  "property": "default_email_template",
  "property_type": "Data",
  "row_name": null,
  "value": "Purchase Reconciliation"
 },
 {
  "default_value": null,
  "doc_type": "Subcontracting Receipt",
  "docstatus": 0,
  "doctype": "Property Setter",
  "doctype_or_field": "DocField",
  "field_name": "supplier_delivery_note",
  "is_system_generated": 1,
  "modified": "2025-03-17 09:54:59.640833",
  "module": null,
  "name": "Subcontracting Receipt-supplier_delivery_note-mandatory_depends_on",
  "property": "mandatory_depends_on",
  "property_type": "Code",
  "row_name": null,
  "value": "eval: gst_settings.require_supplier_invoice_no === 1 && doc.company_gstin"
 },
 {
  "default_value": null,
  "doc_type": "Purchase Receipt",
  "docstatus": 0,
  "doctype": "Property Setter",
  "doctype_or_field": "DocField",
  "field_name": "transporter_name",
  "is_system_generated": 1,
  "modified": "2025-03-17 09:54:59.651458",
  "module": null,
  "name": "Purchase Receipt-transporter_name-fieldtype",
  "property": "fieldtype",
  "property_type": "Select",
  "row_name": null,
  "value": "Small Text"
 },
 {
  "default_value": null,
  "doc_type": "Purchase Receipt",
  "docstatus": 0,
  "doctype": "Property Setter",
  "doctype_or_field": "DocField",
  "field_name": "transporter_name",
  "is_system_generated": 1,
  "modified": "2025-03-17 09:54:59.660504",
  "module": null,
  "name": "Purchase Receipt-transporter_name-fetch_from",
  "property": "fetch_from",
  "property_type": "Small Text",
  "row_name": null,
  "value": "transporter.supplier_name"
 },
 {
  "default_value": null,
  "doc_type": "Purchase Receipt",
  "docstatus": 0,
  "doctype": "Property Setter",
  "doctype_or_field": "DocField",
  "field_name": "transporter_name",
  "is_system_generated": 1,
  "modified": "2025-03-17 09:54:59.671658",
  "module": null,
  "name": "Purchase Receipt-transporter_name-no_copy",
  "property": "no_copy",
  "property_type": "Check",
  "row_name": null,
  "value": "1"
 },
 {
  "default_value": null,
  "doc_type": "Purchase Receipt",
  "docstatus": 0,
  "doctype": "Property Setter",
  "doctype_or_field": "DocField",
  "field_name": "transporter_name",
  "is_system_generated": 1,
  "modified": "2025-03-17 09:54:59.679996",
  "module": null,
  "name": "Purchase Receipt-transporter_name-print_hide",
  "property": "print_hide",
  "property_type": "Check",
  "row_name": null,
  "value": "1"
 },
 {
  "default_value": null,
  "doc_type": "Purchase Receipt",
  "docstatus": 0,
  "doctype": "Property Setter",
  "doctype_or_field": "DocField",
  "field_name": "transporter_name",
  "is_system_generated": 1,
  "modified": "2025-03-17 09:54:59.690563",
  "module": null,
  "name": "Purchase Receipt-transporter_name-read_only",
  "property": "read_only",
  "property_type": "Check",
  "row_name": null,
  "value": "1"
 },
 {
  "default_value": null,
  "doc_type": "Purchase Receipt",
  "docstatus": 0,
  "doctype": "Property Setter",
  "doctype_or_field": "DocField",
  "field_name": "lr_no",
  "is_system_generated": 1,
  "modified": "2025-03-17 09:54:59.700849",
  "module": null,
  "name": "Purchase Receipt-lr_no-label",
  "property": "label",
  "property_type": "Data",
  "row_name": null,
  "value": "Transport Receipt No"
 },
 {
  "default_value": null,
  "doc_type": "Purchase Receipt",
  "docstatus": 0,
  "doctype": "Property Setter",
  "doctype_or_field": "DocField",
  "field_name": "lr_no",
  "is_system_generated": 1,
  "modified": "2025-03-17 09:54:59.710002",
  "module": null,
  "name": "Purchase Receipt-lr_no-print_hide",
  "property": "print_hide",
  "property_type": "Check",
  "row_name": null,
  "value": "1"
 },
 {
  "default_value": null,
  "doc_type": "Purchase Receipt",
  "docstatus": 0,
  "doctype": "Property Setter",
  "doctype_or_field": "DocField",
  "field_name": "lr_no",
  "is_system_generated": 1,
  "modified": "2025-03-17 09:54:59.720444",
  "module": null,
  "name": "Purchase Receipt-lr_no-length",
  "property": "length",
  "property_type": "Int",
  "row_name": null,
  "value": "30"
 },
 {
  "default_value": null,
  "doc_type": "Purchase Receipt",
  "docstatus": 0,
  "doctype": "Property Setter",
  "doctype_or_field": "DocField",
  "field_name": "lr_date",
  "is_system_generated": 1,
  "modified": "2025-03-17 09:54:59.729000",
  "module": null,
  "name": "Purchase Receipt-lr_date-label",
  "property": "label",
  "property_type": "Data",
  "row_name": null,
  "value": "Transport Receipt Date"
 },
 {
  "default_value": null,
  "doc_type": "Purchase Receipt",
  "docstatus": 0,
  "doctype": "Property Setter",
  "doctype_or_field": "DocField",
  "field_name": "lr_date",
  "is_system_generated": 1,
  "modified": "2025-03-17 09:54:59.742688",
  "module": null,
  "name": "Purchase Receipt-lr_date-print_hide",
  "property": "print_hide",
  "property_type": "Check",
  "row_name": null,
  "value": "1"
 },
 {
  "default_value": null,
  "doc_type": "Purchase Receipt",
  "docstatus": 0,
  "doctype": "Property Setter",
  "doctype_or_field": "DocField",
  "field_name": "lr_date",
  "is_system_generated": 1,
  "modified": "2025-03-17 09:54:59.753100",
  "module": null,
  "name": "Purchase Receipt-lr_date-default",
  "property": "default",
  "property_type": "Text",
  "row_name": null,
  "value": "Today"
 },
 {
  "default_value": null,
  "doc_type": "Subcontracting Receipt",
  "docstatus": 0,
  "doctype": "Property Setter",
  "doctype_or_field": "DocField",
  "field_name": "transporter_name",
  "is_system_generated": 1,
  "modified": "2025-03-17 09:54:59.761694",
  "module": null,
  "name": "Subcontracting Receipt-transporter_name-fieldtype",
  "property": "fieldtype",
  "property_type": "Select",
  "row_name": null,
  "value": "Small Text"
 },
 {
  "default_value": null,
  "doc_type": "Subcontracting Receipt",
  "docstatus": 0,
  "doctype": "Property Setter",
  "doctype_or_field": "DocField",
  "field_name": "transporter_name",
  "is_system_generated": 1,
  "modified": "2025-03-17 09:54:59.772722",
  "module": null,
  "name": "Subcontracting Receipt-transporter_name-fetch_from",
  "property": "fetch_from",
  "property_type": "Small Text",
  "row_name": null,
  "value": "transporter.supplier_name"
 },
 {
  "default_value": null,
  "doc_type": "Subcontracting Receipt",
  "docstatus": 0,
  "doctype": "Property Setter",
  "doctype_or_field": "DocField",
  "field_name": "transporter_name",
  "is_system_generated": 1,
  "modified": "2025-03-17 09:54:59.781385",
  "module": null,
  "name": "Subcontracting Receipt-transporter_name-no_copy",
  "property": "no_copy",
  "property_type": "Check",
  "row_name": null,
  "value": "1"
 },
 {
  "default_value": null,
  "doc_type": "Subcontracting Receipt",
  "docstatus": 0,
  "doctype": "Property Setter",
  "doctype_or_field": "DocField",
  "field_name": "transporter_name",
  "is_system_generated": 1,
  "modified": "2025-03-17 09:54:59.792060",
  "module": null,
  "name": "Subcontracting Receipt-transporter_name-print_hide",
  "property": "print_hide",
  "property_type": "Check",
  "row_name": null,
  "value": "1"
 },
 {
  "default_value": null,
  "doc_type": "Subcontracting Receipt",
  "docstatus": 0,
  "doctype": "Property Setter",
  "doctype_or_field": "DocField",
  "field_name": "transporter_name",
  "is_system_generated": 1,
  "modified": "2025-03-17 09:54:59.802560",
  "module": null,
  "name": "Subcontracting Receipt-transporter_name-read_only",
  "property": "read_only",
  "property_type": "Check",
  "row_name": null,
  "value": "1"
 },
 {
  "default_value": null,
  "doc_type": "Subcontracting Receipt",
  "docstatus": 0,
  "doctype": "Property Setter",
  "doctype_or_field": "DocField",
  "field_name": "lr_no",
  "is_system_generated": 1,
  "modified": "2025-03-17 09:54:59.811090",
  "module": null,
  "name": "Subcontracting Receipt-lr_no-label",
  "property": "label",
  "property_type": "Data",
  "row_name": null,
  "value": "Transport Receipt No"
 },
 {
  "default_value": null,
  "doc_type": "Subcontracting Receipt",
  "docstatus": 0,
  "doctype": "Property Setter",
  "doctype_or_field": "DocField",
  "field_name": "lr_no",
  "is_system_generated": 1,
  "modified": "2025-03-17 09:54:59.821777",
  "module": null,
  "name": "Subcontracting Receipt-lr_no-print_hide",
  "property": "print_hide",
  "property_type": "Check",
  "row_name": null,
  "value": "1"
 },
 {
  "default_value": null,
  "doc_type": "Subcontracting Receipt",
  "docstatus": 0,
  "doctype": "Property Setter",
  "doctype_or_field": "DocField",
  "field_name": "lr_no",
  "is_system_generated": 1,
  "modified": "2025-03-17 09:54:59.830939",
  "module": null,
  "name": "Subcontracting Receipt-lr_no-length",
  "property": "length",
  "property_type": "Int",
  "row_name": null,
  "value": "30"
 },
 {
  "default_value": null,
  "doc_type": "Subcontracting Receipt",
  "docstatus": 0,
  "doctype": "Property Setter",
  "doctype_or_field": "DocField",
  "field_name": "lr_date",
  "is_system_generated": 1,
  "modified": "2025-03-17 09:54:59.841983",
  "module": null,
  "name": "Subcontracting Receipt-lr_date-label",
  "property": "label",
  "property_type": "Data",
  "row_name": null,
  "value": "Transport Receipt Date"
 },
 {
  "default_value": null,
  "doc_type": "Subcontracting Receipt",
  "docstatus": 0,
  "doctype": "Property Setter",
  "doctype_or_field": "DocField",
  "field_name": "lr_date",
  "is_system_generated": 1,
  "modified": "2025-03-17 09:54:59.853223",
  "module": null,
  "name": "Subcontracting Receipt-lr_date-print_hide",
  "property": "print_hide",
  "property_type": "Check",
  "row_name": null,
  "value": "1"
 },
 {
  "default_value": null,
  "doc_type": "Subcontracting Receipt",
  "docstatus": 0,
  "doctype": "Property Setter",
  "doctype_or_field": "DocField",
  "field_name": "lr_date",
  "is_system_generated": 1,
  "modified": "2025-03-17 09:54:59.864635",
  "module": null,
  "name": "Subcontracting Receipt-lr_date-default",
  "property": "default",
  "property_type": "Text",
  "row_name": null,
  "value": "Today"
 },
 {
  "default_value": null,
  "doc_type": "e-Waybill Log",
  "docstatus": 0,
  "doctype": "Property Setter",
  "doctype_or_field": "DocType",
  "field_name": null,
  "is_system_generated": 0,
  "modified": "2025-03-17 09:54:59.879495",
  "module": null,
  "name": "e-Waybill Log-main-default_print_format",
  "property": "default_print_format",
  "property_type": "Data",
  "row_name": null,
  "value": "e-Waybill"
 },
 {
  "default_value": null,
  "doc_type": "Pricing Rule",
  "docstatus": 0,
  "doctype": "Property Setter",
  "doctype_or_field": "DocField",
  "field_name": "naming_series",
  "is_system_generated": 0,
  "modified": "2025-03-05 17:37:03.442233",
  "module": null,
  "name": "Pricing Rule-naming_series-options",
  "property": "options",
  "property_type": "Text",
  "row_name": null,
  "value": "PRLE-.####"
 },
 {
  "default_value": null,
  "doc_type": "Pricing Rule",
  "docstatus": 0,
  "doctype": "Property Setter",
  "doctype_or_field": "DocField",
  "field_name": "naming_series",
  "is_system_generated": 0,
  "modified": "2025-03-05 17:37:03.456052",
  "module": null,
  "name": "Pricing Rule-naming_series-default",
  "property": "default",
  "property_type": "Text",
  "row_name": null,
  "value": "PRLE-.####"
 },
 {
  "default_value": null,
  "doc_type": "Healthcare Practitioner",
  "docstatus": 0,
  "doctype": "Property Setter",
  "doctype_or_field": "DocField",
  "field_name": "naming_series",
  "is_system_generated": 0,
  "modified": "2025-03-05 17:37:06.467936",
  "module": null,
  "name": "Healthcare Practitioner-naming_series-options",
  "property": "options",
  "property_type": "Text",
  "row_name": null,
  "value": "HLC-PRAC-.YYYY.-"
 },
 {
  "default_value": null,
  "doc_type": "Sales Order",
  "docstatus": 0,
  "doctype": "Property Setter",
  "doctype_or_field": "DocField",
  "field_name": "due_date",
  "is_system_generated": 0,
  "modified": "2025-02-20 15:43:47.334258",
  "module": null,
  "name": "Sales Order-due_date-print_hide",
  "property": "print_hide",
  "property_type": "Check",
  "row_name": null,
  "value": "0"
 },
 {
  "default_value": null,
  "doc_type": "Sales Order",
  "docstatus": 0,
  "doctype": "Property Setter",
  "doctype_or_field": "DocField",
  "field_name": "payment_schedule",
  "is_system_generated": 0,
  "modified": "2025-02-20 15:43:47.340878",
  "module": null,
  "name": "Sales Order-payment_schedule-print_hide",
  "property": "print_hide",
  "property_type": "Check",
  "row_name": null,
  "value": "1"
 },
 {
  "default_value": null,
  "doc_type": "Sales Invoice",
  "docstatus": 0,
  "doctype": "Property Setter",
  "doctype_or_field": "DocField",
  "field_name": "due_date",
  "is_system_generated": 0,
  "modified": "2025-02-20 15:43:47.347974",
  "module": null,
  "name": "Sales Invoice-due_date-print_hide",
  "property": "print_hide",
  "property_type": "Check",
  "row_name": null,
  "value": "0"
 },
 {
  "default_value": null,
  "doc_type": "Sales Invoice",
  "docstatus": 0,
  "doctype": "Property Setter",
  "doctype_or_field": "DocField",
  "field_name": "payment_schedule",
  "is_system_generated": 0,
  "modified": "2025-02-20 15:43:47.355538",
  "module": null,
  "name": "Sales Invoice-payment_schedule-print_hide",
  "property": "print_hide",
  "property_type": "Check",
  "row_name": null,
  "value": "1"
 },
 {
  "default_value": null,
  "doc_type": "Purchase Order",
  "docstatus": 0,
  "doctype": "Property Setter",
  "doctype_or_field": "DocField",
  "field_name": "due_date",
  "is_system_generated": 0,
  "modified": "2025-02-20 15:43:47.362197",
  "module": null,
  "name": "Purchase Order-due_date-print_hide",
  "property": "print_hide",
  "property_type": "Check",
  "row_name": null,
  "value": "0"
 },
 {
  "default_value": null,
  "doc_type": "Purchase Order",
  "docstatus": 0,
  "doctype": "Property Setter",
  "doctype_or_field": "DocField",
  "field_name": "payment_schedule",
  "is_system_generated": 0,
  "modified": "2025-02-20 15:43:47.369114",
  "module": null,
  "name": "Purchase Order-payment_schedule-print_hide",
  "property": "print_hide",
  "property_type": "Check",
  "row_name": null,
  "value": "1"
 },
 {
  "default_value": null,
  "doc_type": "Purchase Invoice",
  "docstatus": 0,
  "doctype": "Property Setter",
  "doctype_or_field": "DocField",
  "field_name": "due_date",
  "is_system_generated": 0,
  "modified": "2025-02-20 15:43:47.376007",
  "module": null,
  "name": "Purchase Invoice-due_date-print_hide",
  "property": "print_hide",
  "property_type": "Check",
  "row_name": null,
  "value": "0"
 },
 {
  "default_value": null,
  "doc_type": "Purchase Invoice",
  "docstatus": 0,
  "doctype": "Property Setter",
  "doctype_or_field": "DocField",
  "field_name": "payment_schedule",
  "is_system_generated": 0,
  "modified": "2025-02-20 15:43:47.382736",
  "module": null,
  "name": "Purchase Invoice-payment_schedule-print_hide",
  "property": "print_hide",
  "property_type": "Check",
  "row_name": null,
  "value": "1"
 },
 {
  "default_value": null,
  "doc_type": "Supplier",
  "docstatus": 0,
  "doctype": "Property Setter",
  "doctype_or_field": "DocField",
  "field_name": "naming_series",
  "is_system_generated": 0,
  "modified": "2025-02-20 16:31:26.653873",
  "module": null,
  "name": "Supplier-naming_series-reqd",
  "property": "reqd",
  "property_type": "Check",
  "row_name": null,
  "value": "0"
 },
 {
  "default_value": null,
  "doc_type": "Supplier",
  "docstatus": 0,
  "doctype": "Property Setter",
  "doctype_or_field": "DocField",
  "field_name": "naming_series",
  "is_system_generated": 0,
  "modified": "2025-02-20 16:31:27.003094",
  "module": null,
  "name": "Supplier-naming_series-hidden",
  "property": "hidden",
  "property_type": "Check",
  "row_name": null,
  "value": "1"
 },
 {
  "default_value": null,
  "doc_type": "Patient",
  "docstatus": 0,
  "doctype": "Property Setter",
  "doctype_or_field": "DocField",
  "field_name": "patient_name",
  "is_system_generated": 1,
  "modified": "2025-02-27 11:06:15.297068",
  "module": null,
  "name": "Patient-patient_name-in_list_view",
  "property": "in_list_view",
  "property_type": "Check",
  "row_name": null,
  "value": "1"
 },
 {
  "default_value": null,
  "doc_type": "Patient",
  "docstatus": 0,
  "doctype": "Property Setter",
  "doctype_or_field": "DocField",
  "field_name": "mobile",
  "is_system_generated": 1,
  "modified": "2025-02-27 11:06:15.324428",
  "module": null,
  "name": "Patient-mobile-in_list_view",
  "property": "in_list_view",
  "property_type": "Check",
  "row_name": null,
  "value": "1"
 },
 {
  "default_value": null,
  "doc_type": "Patient",
  "docstatus": 0,
  "doctype": "Property Setter",
  "doctype_or_field": "DocField",
  "field_name": "email",
  "is_system_generated": 1,
  "modified": "2025-02-27 11:06:15.334907",
  "module": null,
  "name": "Patient-email-in_list_view",
  "property": "in_list_view",
  "property_type": "Check",
  "row_name": null,
  "value": "1"
 },
 {
  "default_value": null,
  "doc_type": "Patient",
  "docstatus": 0,
  "doctype": "Property Setter",
  "doctype_or_field": "DocField",
  "field_name": "age_html",
  "is_system_generated": 1,
  "modified": "2025-02-27 11:06:15.346230",
  "module": null,
  "name": "Patient-age_html-in_list_view",
  "property": "in_list_view",
  "property_type": "Check",
  "row_name": null,
  "value": "1"
 },
 {
  "default_value": null,
  "doc_type": "Patient",
  "docstatus": 0,
  "doctype": "Property Setter",
  "doctype_or_field": "DocField",
  "field_name": "status",
  "is_system_generated": 1,
  "modified": "2025-02-27 11:06:15.354882",
  "module": null,
  "name": "Patient-status-in_list_view",
  "property": "in_list_view",
  "property_type": "Check",
  "row_name": null,
  "value": "1"
 },
 {
  "default_value": null,
  "doc_type": "Sales Invoice",
  "docstatus": 0,
  "doctype": "Property Setter",
  "doctype_or_field": "DocType",
  "field_name": null,
  "is_system_generated": 1,
  "modified": "2025-02-27 15:38:59.255045",
  "module": null,
  "name": "Sales Invoice-main-default_print_format",
  "property": "default_print_format",
  "property_type": "Data",
  "row_name": null,
  "value": "Sales Invoice Return"
 },
 {
  "default_value": null,
  "doc_type": "Patient Appointment",
  "docstatus": 0,
  "doctype": "Property Setter",
  "doctype_or_field": "DocType",
  "field_name": null,
  "is_system_generated": 0,
  "modified": "2025-03-03 16:20:08.843946",
  "module": null,
  "name": "Patient Appointment-main-field_order",
  "property": "field_order",
  "property_type": "Data",
  "row_name": null,
  "value": "[\"naming_series\", \"custom_token_number\", \"title\", \"status\", \"appointment_type\", \"appointment_for\", \"column_break_1\", \"company\", \"practitioner\", \"practitioner_name\", \"department\", \"service_unit\", \"appointment_date\", \"section_patient_details\", \"patient\", \"patient_name\", \"inpatient_record\", \"column_break_4pp7\", \"patient_sex\", \"patient_age\", \"section_break_12\", \"duration\", \"service_request\", \"procedure_template\", \"get_procedure_from_encounter\", \"procedure_prescription\", \"therapy_plan\", \"therapy_type\", \"get_prescribed_therapies\", \"column_break_17\", \"appointment_time\", \"appointment_datetime\", \"add_video_conferencing\", \"event\", \"google_meet_link\", \"section_break_16\", \"mode_of_payment\", \"billing_item\", \"invoiced\", \"column_break_2\", \"paid_amount\", \"ref_sales_invoice\", \"section_break_3\", \"referring_practitioner\", \"position_in_queue\", \"appointment_based_on_check_in\", \"reminded\", \"column_break_36\", \"notes\"]"
 },
 {
  "default_value": null,
  "doc_type": "Patient",
  "docstatus": 0,
  "doctype": "Property Setter",
  "doctype_or_field": "DocField",
  "field_name": "mobile",
  "is_system_generated": 0,
  "modified": "2025-03-05 15:40:07.124484",
  "module": null,
  "name": "Patient-mobile-reqd",
  "property": "reqd",
  "property_type": "Check",
  "row_name": null,
  "value": "1"
 },
 {
  "default_value": null,
  "doc_type": "Patient",
  "docstatus": 0,
  "doctype": "Property Setter",
  "doctype_or_field": "DocField",
  "field_name": "uid",
  "is_system_generated": 0,
  "modified": "2025-03-05 15:40:07.196330",
  "module": null,
  "name": "Patient-uid-reqd",
  "property": "reqd",
  "property_type": "Check",
  "row_name": null,
  "value": "1"
 },
 {
  "default_value": null,
  "doc_type": "Item Tax Template",
  "docstatus": 0,
  "doctype": "Property Setter",
  "doctype_or_field": "DocType",
  "field_name": null,
  "is_system_generated": 0,
  "modified": "2025-03-17 11:17:40.055516",
  "module": null,
  "name": "Item Tax Template-main-field_order",
  "property": "field_order",
  "property_type": "Data",
  "row_name": null,
  "value": "[\"title\", \"company\", \"column_break_3\", \"gst_treatment\", \"gst_rate\", \"disabled\", \"section_break_5\", \"fetch_gst_accounts\", \"taxes\"]"
 },
 {
  "default_value": null,
  "doc_type": "Item Tax Template",
  "docstatus": 0,
  "doctype": "Property Setter",
  "doctype_or_field": "DocField",
  "field_name": "company",
  "is_system_generated": 0,
  "modified": "2025-03-17 11:17:40.197907",
  "module": null,
  "name": "Item Tax Template-company-in_standard_filter",
  "property": "in_standard_filter",
  "property_type": "Check",
  "row_name": null,
  "value": "1"
 },
 {
  "default_value": null,
  "doc_type": "Quotation",
  "docstatus": 0,
  "doctype": "Property Setter",
  "doctype_or_field": "DocField",
  "field_name": "base_rounded_total",
  "is_system_generated": 0,
  "modified": "2025-03-17 15:20:20.203545",
  "module": null,
  "name": "Quotation-base_rounded_total-hidden",
  "property": "hidden",
  "property_type": "Check",
  "row_name": null,
  "value": "0"
 },
 {
  "default_value": null,
  "doc_type": "Quotation",
  "docstatus": 0,
  "doctype": "Property Setter",
  "doctype_or_field": "DocField",
  "field_name": "base_rounded_total",
  "is_system_generated": 0,
  "modified": "2025-03-17 15:20:21.158181",
  "module": null,
  "name": "Quotation-base_rounded_total-print_hide",
  "property": "print_hide",
  "property_type": "Check",
  "row_name": null,
  "value": "1"
 },
 {
  "default_value": null,
  "doc_type": "Quotation",
  "docstatus": 0,
  "doctype": "Property Setter",
  "doctype_or_field": "DocField",
  "field_name": "rounded_total",
  "is_system_generated": 0,
  "modified": "2025-03-17 15:20:21.179606",
  "module": null,
  "name": "Quotation-rounded_total-hidden",
  "property": "hidden",
  "property_type": "Check",
  "row_name": null,
  "value": "0"
 },
 {
  "default_value": null,
  "doc_type": "Quotation",
  "docstatus": 0,
  "doctype": "Property Setter",
  "doctype_or_field": "DocField",
  "field_name": "rounded_total",
  "is_system_generated": 0,
  "modified": "2025-03-17 15:20:21.207324",
  "module": null,
  "name": "Quotation-rounded_total-print_hide",
  "property": "print_hide",
  "property_type": "Check",
  "row_name": null,
  "value": "0"
 },
 {
  "default_value": null,
  "doc_type": "Quotation",
  "docstatus": 0,
  "doctype": "Property Setter",
  "doctype_or_field": "DocField",
  "field_name": "disable_rounded_total",
  "is_system_generated": 0,
  "modified": "2025-03-17 15:20:21.229577",
  "module": null,
  "name": "Quotation-disable_rounded_total-default",
  "property": "default",
  "property_type": "Text",
  "row_name": null,
  "value": "0"
 },
 {
  "default_value": null,
  "doc_type": "Sales Order",
  "docstatus": 0,
  "doctype": "Property Setter",
  "doctype_or_field": "DocField",
  "field_name": "base_rounded_total",
  "is_system_generated": 0,
  "modified": "2025-03-17 15:20:21.249994",
  "module": null,
  "name": "Sales Order-base_rounded_total-hidden",
  "property": "hidden",
  "property_type": "Check",
  "row_name": null,
  "value": "0"
 },
 {
  "default_value": null,
  "doc_type": "Sales Order",
  "docstatus": 0,
  "doctype": "Property Setter",
  "doctype_or_field": "DocField",
  "field_name": "base_rounded_total",
  "is_system_generated": 0,
  "modified": "2025-03-17 15:20:21.278654",
  "module": null,
  "name": "Sales Order-base_rounded_total-print_hide",
  "property": "print_hide",
  "property_type": "Check",
  "row_name": null,
  "value": "1"
 },
 {
  "default_value": null,
  "doc_type": "Sales Order",
  "docstatus": 0,
  "doctype": "Property Setter",
  "doctype_or_field": "DocField",
  "field_name": "rounded_total",
  "is_system_generated": 0,
  "modified": "2025-03-17 15:20:21.308187",
  "module": null,
  "name": "Sales Order-rounded_total-hidden",
  "property": "hidden",
  "property_type": "Check",
  "row_name": null,
  "value": "0"
 },
 {
  "default_value": null,
  "doc_type": "Sales Order",
  "docstatus": 0,
  "doctype": "Property Setter",
  "doctype_or_field": "DocField",
  "field_name": "rounded_total",
  "is_system_generated": 0,
  "modified": "2025-03-17 15:20:21.341157",
  "module": null,
  "name": "Sales Order-rounded_total-print_hide",
  "property": "print_hide",
  "property_type": "Check",
  "row_name": null,
  "value": "0"
 },
 {
  "default_value": null,
  "doc_type": "Sales Order",
  "docstatus": 0,
  "doctype": "Property Setter",
  "doctype_or_field": "DocField",
  "field_name": "disable_rounded_total",
  "is_system_generated": 0,
  "modified": "2025-03-17 15:20:21.364493",
  "module": null,
  "name": "Sales Order-disable_rounded_total-default",
  "property": "default",
  "property_type": "Text",
  "row_name": null,
  "value": "0"
 },
 {
  "default_value": null,
  "doc_type": "Sales Invoice",
  "docstatus": 0,
  "doctype": "Property Setter",
  "doctype_or_field": "DocField",
  "field_name": "base_rounded_total",
  "is_system_generated": 0,
  "modified": "2025-03-17 15:20:21.389273",
  "module": null,
  "name": "Sales Invoice-base_rounded_total-hidden",
  "property": "hidden",
  "property_type": "Check",
  "row_name": null,
  "value": "0"
 },
 {
  "default_value": null,
  "doc_type": "Sales Invoice",
  "docstatus": 0,
  "doctype": "Property Setter",
  "doctype_or_field": "DocField",
  "field_name": "base_rounded_total",
  "is_system_generated": 0,
  "modified": "2025-03-17 15:20:21.424330",
  "module": null,
  "name": "Sales Invoice-base_rounded_total-print_hide",
  "property": "print_hide",
  "property_type": "Check",
  "row_name": null,
  "value": "1"
 },
 {
  "default_value": null,
  "doc_type": "Sales Invoice",
  "docstatus": 0,
  "doctype": "Property Setter",
  "doctype_or_field": "DocField",
  "field_name": "rounded_total",
  "is_system_generated": 0,
  "modified": "2025-03-17 15:20:21.452462",
  "module": null,
  "name": "Sales Invoice-rounded_total-hidden",
  "property": "hidden",
  "property_type": "Check",
  "row_name": null,
  "value": "0"
 },
 {
  "default_value": null,
  "doc_type": "Sales Invoice",
  "docstatus": 0,
  "doctype": "Property Setter",
  "doctype_or_field": "DocField",
  "field_name": "rounded_total",
  "is_system_generated": 0,
  "modified": "2025-03-17 15:20:21.475819",
  "module": null,
  "name": "Sales Invoice-rounded_total-print_hide",
  "property": "print_hide",
  "property_type": "Check",
  "row_name": null,
  "value": "0"
 },
 {
  "default_value": null,
  "doc_type": "Sales Invoice",
  "docstatus": 0,
  "doctype": "Property Setter",
  "doctype_or_field": "DocField",
  "field_name": "disable_rounded_total",
  "is_system_generated": 0,
  "modified": "2025-03-17 15:20:21.504331",
  "module": null,
  "name": "Sales Invoice-disable_rounded_total-default",
  "property": "default",
  "property_type": "Text",
  "row_name": null,
  "value": "0"
 },
 {
  "default_value": null,
  "doc_type": "Delivery Note",
  "docstatus": 0,
  "doctype": "Property Setter",
  "doctype_or_field": "DocField",
  "field_name": "base_rounded_total",
  "is_system_generated": 0,
  "modified": "2025-03-17 15:20:21.528270",
  "module": null,
  "name": "Delivery Note-base_rounded_total-hidden",
  "property": "hidden",
  "property_type": "Check",
  "row_name": null,
  "value": "0"
 },
 {
  "default_value": null,
  "doc_type": "Delivery Note",
  "docstatus": 0,
  "doctype": "Property Setter",
  "doctype_or_field": "DocField",
  "field_name": "base_rounded_total",
  "is_system_generated": 0,
  "modified": "2025-03-17 15:20:21.553466",
  "module": null,
  "name": "Delivery Note-base_rounded_total-print_hide",
  "property": "print_hide",
  "property_type": "Check",
  "row_name": null,
  "value": "1"
 },
 {
  "default_value": null,
  "doc_type": "Delivery Note",
  "docstatus": 0,
  "doctype": "Property Setter",
  "doctype_or_field": "DocField",
  "field_name": "rounded_total",
  "is_system_generated": 0,
  "modified": "2025-03-17 15:20:21.574294",
  "module": null,
  "name": "Delivery Note-rounded_total-hidden",
  "property": "hidden",
  "property_type": "Check",
  "row_name": null,
  "value": "0"
 },
 {
  "default_value": null,
  "doc_type": "Delivery Note",
  "docstatus": 0,
  "doctype": "Property Setter",
  "doctype_or_field": "DocField",
  "field_name": "rounded_total",
  "is_system_generated": 0,
  "modified": "2025-03-17 15:20:21.601285",
  "module": null,
  "name": "Delivery Note-rounded_total-print_hide",
  "property": "print_hide",
  "property_type": "Check",
  "row_name": null,
  "value": "0"
 },
 {
  "default_value": null,
  "doc_type": "Delivery Note",
  "docstatus": 0,
  "doctype": "Property Setter",
  "doctype_or_field": "DocField",
  "field_name": "disable_rounded_total",
  "is_system_generated": 0,
  "modified": "2025-03-17 15:20:21.627857",
  "module": null,
  "name": "Delivery Note-disable_rounded_total-default",
  "property": "default",
  "property_type": "Text",
  "row_name": null,
  "value": "0"
 },
 {
  "default_value": null,
  "doc_type": "Supplier Quotation",
  "docstatus": 0,
  "doctype": "Property Setter",
  "doctype_or_field": "DocField",
  "field_name": "base_rounded_total",
  "is_system_generated": 0,
  "modified": "2025-03-17 15:20:21.655432",
  "module": null,
  "name": "Supplier Quotation-base_rounded_total-hidden",
  "property": "hidden",
  "property_type": "Check",
  "row_name": null,
  "value": "0"
 },
 {
  "default_value": null,
  "doc_type": "Supplier Quotation",
  "docstatus": 0,
  "doctype": "Property Setter",
  "doctype_or_field": "DocField",
  "field_name": "base_rounded_total",
  "is_system_generated": 0,
  "modified": "2025-03-17 15:20:21.687663",
  "module": null,
  "name": "Supplier Quotation-base_rounded_total-print_hide",
  "property": "print_hide",
  "property_type": "Check",
  "row_name": null,
  "value": "1"
 },
 {
  "default_value": null,
  "doc_type": "Supplier Quotation",
  "docstatus": 0,
  "doctype": "Property Setter",
  "doctype_or_field": "DocField",
  "field_name": "rounded_total",
  "is_system_generated": 0,
  "modified": "2025-03-17 15:20:21.706931",
  "module": null,
  "name": "Supplier Quotation-rounded_total-hidden",
  "property": "hidden",
  "property_type": "Check",
  "row_name": null,
  "value": "0"
 },
 {
  "default_value": null,
  "doc_type": "Supplier Quotation",
  "docstatus": 0,
  "doctype": "Property Setter",
  "doctype_or_field": "DocField",
  "field_name": "rounded_total",
  "is_system_generated": 0,
  "modified": "2025-03-17 15:20:21.729000",
  "module": null,
  "name": "Supplier Quotation-rounded_total-print_hide",
  "property": "print_hide",
  "property_type": "Check",
  "row_name": null,
  "value": "0"
 },
 {
  "default_value": null,
  "doc_type": "Supplier Quotation",
  "docstatus": 0,
  "doctype": "Property Setter",
  "doctype_or_field": "DocField",
  "field_name": "disable_rounded_total",
  "is_system_generated": 0,
  "modified": "2025-03-17 15:20:21.748311",
  "module": null,
  "name": "Supplier Quotation-disable_rounded_total-default",
  "property": "default",
  "property_type": "Text",
  "row_name": null,
  "value": "0"
 },
 {
  "default_value": null,
  "doc_type": "Purchase Order",
  "docstatus": 0,
  "doctype": "Property Setter",
  "doctype_or_field": "DocField",
  "field_name": "base_rounded_total",
  "is_system_generated": 0,
  "modified": "2025-03-17 15:20:21.769565",
  "module": null,
  "name": "Purchase Order-base_rounded_total-hidden",
  "property": "hidden",
  "property_type": "Check",
  "row_name": null,
  "value": "0"
 },
 {
  "default_value": null,
  "doc_type": "Purchase Order",
  "docstatus": 0,
  "doctype": "Property Setter",
  "doctype_or_field": "DocField",
  "field_name": "base_rounded_total",
  "is_system_generated": 0,
  "modified": "2025-03-17 15:20:21.793714",
  "module": null,
  "name": "Purchase Order-base_rounded_total-print_hide",
  "property": "print_hide",
  "property_type": "Check",
  "row_name": null,
  "value": "1"
 },
 {
  "default_value": null,
  "doc_type": "Purchase Order",
  "docstatus": 0,
  "doctype": "Property Setter",
  "doctype_or_field": "DocField",
  "field_name": "rounded_total",
  "is_system_generated": 0,
  "modified": "2025-03-17 15:20:21.813193",
  "module": null,
  "name": "Purchase Order-rounded_total-hidden",
  "property": "hidden",
  "property_type": "Check",
  "row_name": null,
  "value": "0"
 },
 {
  "default_value": null,
  "doc_type": "Purchase Order",
  "docstatus": 0,
  "doctype": "Property Setter",
  "doctype_or_field": "DocField",
  "field_name": "rounded_total",
  "is_system_generated": 0,
  "modified": "2025-03-17 15:20:21.833821",
  "module": null,
  "name": "Purchase Order-rounded_total-print_hide",
  "property": "print_hide",
  "property_type": "Check",
  "row_name": null,
  "value": "0"
 },
 {
  "default_value": null,
  "doc_type": "Purchase Order",
  "docstatus": 0,
  "doctype": "Property Setter",
  "doctype_or_field": "DocField",
  "field_name": "disable_rounded_total",
  "is_system_generated": 0,
  "modified": "2025-03-17 15:20:21.852358",
  "module": null,
  "name": "Purchase Order-disable_rounded_total-default",
  "property": "default",
  "property_type": "Text",
  "row_name": null,
  "value": "0"
 },
 {
  "default_value": null,
  "doc_type": "Purchase Invoice",
  "docstatus": 0,
  "doctype": "Property Setter",
  "doctype_or_field": "DocField",
  "field_name": "base_rounded_total",
  "is_system_generated": 0,
  "modified": "2025-03-17 15:20:21.871082",
  "module": null,
  "name": "Purchase Invoice-base_rounded_total-hidden",
  "property": "hidden",
  "property_type": "Check",
  "row_name": null,
  "value": "0"
 },
 {
  "default_value": null,
  "doc_type": "Purchase Invoice",
  "docstatus": 0,
  "doctype": "Property Setter",
  "doctype_or_field": "DocField",
  "field_name": "base_rounded_total",
  "is_system_generated": 0,
  "modified": "2025-03-17 15:20:21.894448",
  "module": null,
  "name": "Purchase Invoice-base_rounded_total-print_hide",
  "property": "print_hide",
  "property_type": "Check",
  "row_name": null,
  "value": "1"
 },
 {
  "default_value": null,
  "doc_type": "Purchase Invoice",
  "docstatus": 0,
  "doctype": "Property Setter",
  "doctype_or_field": "DocField",
  "field_name": "rounded_total",
  "is_system_generated": 0,
  "modified": "2025-03-17 15:20:21.913072",
  "module": null,
  "name": "Purchase Invoice-rounded_total-hidden",
  "property": "hidden",
  "property_type": "Check",
  "row_name": null,
  "value": "0"
 },
 {
  "default_value": null,
  "doc_type": "Purchase Invoice",
  "docstatus": 0,
  "doctype": "Property Setter",
  "doctype_or_field": "DocField",
  "field_name": "rounded_total",
  "is_system_generated": 0,
  "modified": "2025-03-17 15:20:21.931431",
  "module": null,
  "name": "Purchase Invoice-rounded_total-print_hide",
  "property": "print_hide",
  "property_type": "Check",
  "row_name": null,
  "value": "0"
 },
 {
  "default_value": null,
  "doc_type": "Purchase Invoice",
  "docstatus": 0,
  "doctype": "Property Setter",
  "doctype_or_field": "DocField",
  "field_name": "disable_rounded_total",
  "is_system_generated": 0,
  "modified": "2025-03-17 15:20:21.949311",
  "module": null,
  "name": "Purchase Invoice-disable_rounded_total-default",
  "property": "default",
  "property_type": "Text",
  "row_name": null,
  "value": "0"
 },
 {
  "default_value": null,
  "doc_type": "Purchase Receipt",
  "docstatus": 0,
  "doctype": "Property Setter",
  "doctype_or_field": "DocField",
  "field_name": "base_rounded_total",
  "is_system_generated": 0,
  "modified": "2025-03-17 15:20:21.969010",
  "module": null,
  "name": "Purchase Receipt-base_rounded_total-hidden",
  "property": "hidden",
  "property_type": "Check",
  "row_name": null,
  "value": "0"
 },
 {
  "default_value": null,
  "doc_type": "Purchase Receipt",
  "docstatus": 0,
  "doctype": "Property Setter",
  "doctype_or_field": "DocField",
  "field_name": "base_rounded_total",
  "is_system_generated": 0,
  "modified": "2025-03-17 15:20:21.994123",
  "module": null,
  "name": "Purchase Receipt-base_rounded_total-print_hide",
  "property": "print_hide",
  "property_type": "Check",
  "row_name": null,
  "value": "1"
 },
 {
  "default_value": null,
  "doc_type": "Purchase Receipt",
  "docstatus": 0,
  "doctype": "Property Setter",
  "doctype_or_field": "DocField",
  "field_name": "rounded_total",
  "is_system_generated": 0,
  "modified": "2025-03-17 15:20:22.014349",
  "module": null,
  "name": "Purchase Receipt-rounded_total-hidden",
  "property": "hidden",
  "property_type": "Check",
  "row_name": null,
  "value": "0"
 },
 {
  "default_value": null,
  "doc_type": "Purchase Receipt",
  "docstatus": 0,
  "doctype": "Property Setter",
  "doctype_or_field": "DocField",
  "field_name": "rounded_total",
  "is_system_generated": 0,
  "modified": "2025-03-17 15:20:22.035243",
  "module": null,
  "name": "Purchase Receipt-rounded_total-print_hide",
  "property": "print_hide",
  "property_type": "Check",
  "row_name": null,
  "value": "0"
 },
 {
  "default_value": null,
  "doc_type": "Purchase Receipt",
  "docstatus": 0,
  "doctype": "Property Setter",
  "doctype_or_field": "DocField",
  "field_name": "disable_rounded_total",
  "is_system_generated": 0,
  "modified": "2025-03-17 15:20:22.053391",
  "module": null,
  "name": "Purchase Receipt-disable_rounded_total-default",
  "property": "default",
  "property_type": "Text",
  "row_name": null,
  "value": "0"
 },
 {
  "default_value": null,
  "doc_type": "Quotation",
  "docstatus": 0,
  "doctype": "Property Setter",
  "doctype_or_field": "DocField",
  "field_name": "in_words",
  "is_system_generated": 0,
  "modified": "2025-03-17 15:20:22.072310",
  "module": null,
  "name": "Quotation-in_words-hidden",
  "property": "hidden",
  "property_type": "Check",
  "row_name": null,
  "value": "0"
 },
 {
  "default_value": null,
  "doc_type": "Quotation",
  "docstatus": 0,
  "doctype": "Property Setter",
  "doctype_or_field": "DocField",
  "field_name": "in_words",
  "is_system_generated": 0,
  "modified": "2025-03-17 15:20:22.092218",
  "module": null,
  "name": "Quotation-in_words-print_hide",
  "property": "print_hide",
  "property_type": "Check",
  "row_name": null,
  "value": "0"
 },
 {
  "default_value": null,
  "doc_type": "Sales Order",
  "docstatus": 0,
  "doctype": "Property Setter",
  "doctype_or_field": "DocField",
  "field_name": "in_words",
  "is_system_generated": 0,
  "modified": "2025-03-17 15:20:22.110683",
  "module": null,
  "name": "Sales Order-in_words-hidden",
  "property": "hidden",
  "property_type": "Check",
  "row_name": null,
  "value": "0"
 },
 {
  "default_value": null,
  "doc_type": "Sales Order",
  "docstatus": 0,
  "doctype": "Property Setter",
  "doctype_or_field": "DocField",
  "field_name": "in_words",
  "is_system_generated": 0,
  "modified": "2025-03-17 15:20:22.129472",
  "module": null,
  "name": "Sales Order-in_words-print_hide",
  "property": "print_hide",
  "property_type": "Check",
  "row_name": null,
  "value": "0"
 },
 {
  "default_value": null,
  "doc_type": "Sales Invoice",
  "docstatus": 0,
  "doctype": "Property Setter",
  "doctype_or_field": "DocField",
  "field_name": "in_words",
  "is_system_generated": 0,
  "modified": "2025-03-17 15:20:22.148118",
  "module": null,
  "name": "Sales Invoice-in_words-hidden",
  "property": "hidden",
  "property_type": "Check",
  "row_name": null,
  "value": "0"
 },
 {
  "default_value": null,
  "doc_type": "Sales Invoice",
  "docstatus": 0,
  "doctype": "Property Setter",
  "doctype_or_field": "DocField",
  "field_name": "in_words",
  "is_system_generated": 0,
  "modified": "2025-03-17 15:20:22.166995",
  "module": null,
  "name": "Sales Invoice-in_words-print_hide",
  "property": "print_hide",
  "property_type": "Check",
  "row_name": null,
  "value": "0"
 },
 {
  "default_value": null,
  "doc_type": "Delivery Note",
  "docstatus": 0,
  "doctype": "Property Setter",
  "doctype_or_field": "DocField",
  "field_name": "in_words",
  "is_system_generated": 0,
  "modified": "2025-03-17 15:20:22.185697",
  "module": null,
  "name": "Delivery Note-in_words-hidden",
  "property": "hidden",
  "property_type": "Check",
  "row_name": null,
  "value": "0"
 },
 {
  "default_value": null,
  "doc_type": "Delivery Note",
  "docstatus": 0,
  "doctype": "Property Setter",
  "doctype_or_field": "DocField",
  "field_name": "in_words",
  "is_system_generated": 0,
  "modified": "2025-03-17 15:20:22.204580",
  "module": null,
  "name": "Delivery Note-in_words-print_hide",
  "property": "print_hide",
  "property_type": "Check",
  "row_name": null,
  "value": "0"
 },
 {
  "default_value": null,
  "doc_type": "Supplier Quotation",
  "docstatus": 0,
  "doctype": "Property Setter",
  "doctype_or_field": "DocField",
  "field_name": "in_words",
  "is_system_generated": 0,
  "modified": "2025-03-17 15:20:22.224128",
  "module": null,
  "name": "Supplier Quotation-in_words-hidden",
  "property": "hidden",
  "property_type": "Check",
  "row_name": null,
  "value": "0"
 },
 {
  "default_value": null,
  "doc_type": "Supplier Quotation",
  "docstatus": 0,
  "doctype": "Property Setter",
  "doctype_or_field": "DocField",
  "field_name": "in_words",
  "is_system_generated": 0,
  "modified": "2025-03-17 15:20:22.243354",
  "module": null,
  "name": "Supplier Quotation-in_words-print_hide",
  "property": "print_hide",
  "property_type": "Check",
  "row_name": null,
  "value": "0"
 },
 {
  "default_value": null,
  "doc_type": "Purchase Order",
  "docstatus": 0,
  "doctype": "Property Setter",
  "doctype_or_field": "DocField",
  "field_name": "in_words",
  "is_system_generated": 0,
  "modified": "2025-03-17 15:20:22.262579",
  "module": null,
  "name": "Purchase Order-in_words-hidden",
  "property": "hidden",
  "property_type": "Check",
  "row_name": null,
  "value": "0"
 },
 {
  "default_value": null,
  "doc_type": "Purchase Order",
  "docstatus": 0,
  "doctype": "Property Setter",
  "doctype_or_field": "DocField",
  "field_name": "in_words",
  "is_system_generated": 0,
  "modified": "2025-03-17 15:20:22.281652",
  "module": null,
  "name": "Purchase Order-in_words-print_hide",
  "property": "print_hide",
  "property_type": "Check",
  "row_name": null,
  "value": "0"
 },
 {
  "default_value": null,
  "doc_type": "Purchase Invoice",
  "docstatus": 0,
  "doctype": "Property Setter",
  "doctype_or_field": "DocField",
  "field_name": "in_words",
  "is_system_generated": 0,
  "modified": "2025-03-17 15:20:22.300150",
  "module": null,
  "name": "Purchase Invoice-in_words-hidden",
  "property": "hidden",
  "property_type": "Check",
  "row_name": null,
  "value": "0"
 },
 {
  "default_value": null,
  "doc_type": "Purchase Invoice",
  "docstatus": 0,
  "doctype": "Property Setter",
  "doctype_or_field": "DocField",
  "field_name": "in_words",
  "is_system_generated": 0,
  "modified": "2025-03-17 15:20:22.320906",
  "module": null,
  "name": "Purchase Invoice-in_words-print_hide",
  "property": "print_hide",
  "property_type": "Check",
  "row_name": null,
  "value": "0"
 },
 {
  "default_value": null,
  "doc_type": "Purchase Receipt",
  "docstatus": 0,
  "doctype": "Property Setter",
  "doctype_or_field": "DocField",
  "field_name": "in_words",
  "is_system_generated": 0,
  "modified": "2025-03-17 15:20:22.339245",
  "module": null,
  "name": "Purchase Receipt-in_words-hidden",
  "property": "hidden",
  "property_type": "Check",
  "row_name": null,
  "value": "0"
 },
 {
  "default_value": null,
  "doc_type": "Purchase Receipt",
  "docstatus": 0,
  "doctype": "Property Setter",
  "doctype_or_field": "DocField",
  "field_name": "in_words",
  "is_system_generated": 0,
  "modified": "2025-03-17 15:20:22.358260",
  "module": null,
  "name": "Purchase Receipt-in_words-print_hide",
  "property": "print_hide",
  "property_type": "Check",
  "row_name": null,
  "value": "0"
 },
 {
  "default_value": null,
  "doc_type": "Item",
  "docstatus": 0,
  "doctype": "Property Setter",
  "doctype_or_field": "DocType",
  "field_name": null,
  "is_system_generated": 0,
  "modified": "2025-03-18 09:35:34.337028",
  "module": null,
  "name": "Item-main-field_order",
  "property": "field_order",
  "property_type": "Data",
  "row_name": null,
  "value": "[\"details\", \"naming_series\", \"item_code\", \"item_name\", \"item_group\", \"gst_hsn_code\", \"stock_uom\", \"column_break0\", \"disabled\", \"allow_alternative_item\", \"is_stock_item\", \"has_variants\", \"opening_stock\", \"valuation_rate\", \"standard_rate\", \"is_fixed_asset\", \"auto_create_assets\", \"is_grouped_asset\", \"asset_category\", \"asset_naming_series\", \"over_delivery_receipt_allowance\", \"over_billing_allowance\", \"image\", \"section_break_11\", \"description\", \"brand\", \"unit_of_measure_conversion\", \"uoms\", \"dashboard_tab\", \"inventory_section\", \"inventory_settings_section\", \"shelf_life_in_days\", \"end_of_life\", \"default_material_request_type\", \"valuation_method\", \"column_break1\", \"warranty_period\", \"weight_per_unit\", \"weight_uom\", \"allow_negative_stock\", \"sb_barcodes\", \"barcodes\", \"reorder_section\", \"reorder_levels\", \"serial_nos_and_batches\", \"has_batch_no\", \"create_new_batch\", \"batch_number_series\", \"has_expiry_date\", \"retain_sample\", \"sample_quantity\", \"column_break_37\", \"has_serial_no\", \"serial_no_series\", \"variants_section\", \"variant_of\", \"variant_based_on\", \"attributes\", \"accounting\", \"deferred_accounting_section\", \"enable_deferred_expense\", \"no_of_months_exp\", \"column_break_9s9o\", \"enable_deferred_revenue\", \"no_of_months\", \"section_break_avcp\", \"item_defaults\", \"purchasing_tab\", \"purchase_uom\", \"min_order_qty\", \"safety_stock\", \"is_purchase_item\", \"purchase_details_cb\", \"lead_time_days\", \"last_purchase_rate\", \"is_customer_provided_item\", \"customer\", \"supplier_details\", \"delivered_by_supplier\", \"column_break2\", \"supplier_items\", \"foreign_trade_details\", \"country_of_origin\", \"column_break_59\", \"customs_tariff_number\", \"sales_details\", \"sales_uom\", \"grant_commission\", \"is_sales_item\", \"column_break3\", \"max_discount\", \"customer_details\", \"customer_items\", \"item_tax_section_break\", \"is_ineligible_for_itc\", \"taxes\", \"quality_tab\", \"inspection_required_before_purchase\", \"quality_inspection_template\", \"inspection_required_before_delivery\", \"manufacturing\", \"include_item_in_manufacturing\", \"is_sub_contracted_item\", \"default_bom\", \"column_break_74\", \"customer_code\", \"default_item_manufacturer\", \"default_manufacturer_part_no\", \"total_projected_qty\"]"
 },
 {
  "default_value": null,
  "doc_type": "Item",
  "docstatus": 0,
  "doctype": "Property Setter",
  "doctype_or_field": "DocField",
  "field_name": "naming_series",
  "is_system_generated": 0,
  "modified": "2025-03-18 14:37:46.701489",
  "module": null,
  "name": "Item-naming_series-reqd",
  "property": "reqd",
  "property_type": "Check",
  "row_name": null,
  "value": "0"
 },
 {
  "default_value": null,
  "doc_type": "Item",
  "docstatus": 0,
  "doctype": "Property Setter",
  "doctype_or_field": "DocField",
  "field_name": "naming_series",
  "is_system_generated": 0,
  "modified": "2025-03-18 14:37:47.834285",
  "module": null,
  "name": "Item-naming_series-hidden",
  "property": "hidden",
  "property_type": "Check",
  "row_name": null,
  "value": "1"
 },
 {
  "default_value": null,
  "doc_type": "Item",
  "docstatus": 0,
  "doctype": "Property Setter",
  "doctype_or_field": "DocField",
  "field_name": "item_code",
  "is_system_generated": 0,
  "modified": "2025-03-18 14:37:47.854575",
  "module": null,
  "name": "Item-item_code-hidden",
  "property": "hidden",
  "property_type": "Check",
  "row_name": null,
  "value": "0"
 },
 {
  "default_value": null,
  "doc_type": "Item",
  "docstatus": 0,
  "doctype": "Property Setter",
  "doctype_or_field": "DocField",
  "field_name": "item_code",
  "is_system_generated": 0,
  "modified": "2025-03-18 14:37:47.876665",
  "module": null,
  "name": "Item-item_code-reqd",
  "property": "reqd",
  "property_type": "Check",
  "row_name": null,
  "value": "1"
 },
 {
  "default_value": null,
  "doc_type": "Clinical Procedure Item",
  "docstatus": 0,
  "doctype": "Property Setter",
  "doctype_or_field": "DocField",
  "field_name": "barcode",
  "is_system_generated": 1,
  "modified": "2025-03-18 14:37:47.900162",
  "module": null,
  "name": "Clinical Procedure Item-barcode-hidden",
  "property": "hidden",
  "property_type": "Check",
  "row_name": null,
  "value": "0"
 },
 {
  "default_value": null,
  "doc_type": "Purchase Receipt Item",
  "docstatus": 0,
  "doctype": "Property Setter",
  "doctype_or_field": "DocField",
  "field_name": "barcode",
  "is_system_generated": 1,
  "modified": "2025-03-18 14:37:47.926124",
  "module": null,
  "name": "Purchase Receipt Item-barcode-hidden",
  "property": "hidden",
  "property_type": "Check",
  "row_name": null,
  "value": "0"
 },
 {
  "default_value": null,
  "doc_type": "Item Barcode",
  "docstatus": 0,
  "doctype": "Property Setter",
  "doctype_or_field": "DocField",
  "field_name": "barcode",
  "is_system_generated": 1,
  "modified": "2025-03-18 14:37:47.948278",
  "module": null,
  "name": "Item Barcode-barcode-hidden",
  "property": "hidden",
  "property_type": "Check",
  "row_name": null,
  "value": "0"
 },
 {
  "default_value": null,
  "doc_type": "POS Invoice Item",
  "docstatus": 0,
  "doctype": "Property Setter",
  "doctype_or_field": "DocField",
  "field_name": "barcode",
  "is_system_generated": 1,
  "modified": "2025-03-18 14:37:47.970601",
  "module": null,
  "name": "POS Invoice Item-barcode-hidden",
  "property": "hidden",
  "property_type": "Check",
  "row_name": null,
  "value": "0"
 },
 {
  "default_value": null,
  "doc_type": "Delivery Note Item",
  "docstatus": 0,
  "doctype": "Property Setter",
  "doctype_or_field": "DocField",
  "field_name": "barcode",
  "is_system_generated": 1,
  "modified": "2025-03-18 14:37:47.993528",
  "module": null,
  "name": "Delivery Note Item-barcode-hidden",
  "property": "hidden",
  "property_type": "Check",
  "row_name": null,
  "value": "0"
 },
 {
  "default_value": null,
  "doc_type": "Stock Entry Detail",
  "docstatus": 0,
  "doctype": "Property Setter",
  "doctype_or_field": "DocField",
  "field_name": "barcode",
  "is_system_generated": 1,
  "modified": "2025-03-18 14:37:48.018772",
  "module": null,
  "name": "Stock Entry Detail-barcode-hidden",
  "property": "hidden",
  "property_type": "Check",
  "row_name": null,
  "value": "0"
 },
 {
  "default_value": null,
  "doc_type": "Specimen",
  "docstatus": 0,
  "doctype": "Property Setter",
  "doctype_or_field": "DocField",
  "field_name": "barcode",
  "is_system_generated": 1,
  "modified": "2025-03-18 14:37:48.043126",
  "module": null,
  "name": "Specimen-barcode-hidden",
  "property": "hidden",
  "property_type": "Check",
  "row_name": null,
  "value": "0"
 },
 {
  "default_value": null,
  "doc_type": "Job Card",
  "docstatus": 0,
  "doctype": "Property Setter",
  "doctype_or_field": "DocField",
  "field_name": "barcode",
  "is_system_generated": 1,
  "modified": "2025-03-18 14:37:48.067872",
  "module": null,
  "name": "Job Card-barcode-hidden",
  "property": "hidden",
  "property_type": "Check",
  "row_name": null,
  "value": "0"
 },
 {
  "default_value": null,
  "doc_type": "Sales Invoice Item",
  "docstatus": 0,
  "doctype": "Property Setter",
  "doctype_or_field": "DocField",
  "field_name": "barcode",
  "is_system_generated": 1,
  "modified": "2025-03-18 14:37:48.094903",
  "module": null,
  "name": "Sales Invoice Item-barcode-hidden",
  "property": "hidden",
  "property_type": "Check",
  "row_name": null,
  "value": "0"
 },
 {
  "default_value": null,
  "doc_type": "Stock Reconciliation Item",
  "docstatus": 0,
  "doctype": "Property Setter",
  "doctype_or_field": "DocField",
  "field_name": "barcode",
  "is_system_generated": 1,
  "modified": "2025-03-18 14:37:48.123308",
  "module": null,
  "name": "Stock Reconciliation Item-barcode-hidden",
  "property": "hidden",
  "property_type": "Check",
  "row_name": null,
  "value": "0"
 },
 {
  "default_value": null,
  "doc_type": "Item",
  "docstatus": 0,
  "doctype": "Property Setter",
  "doctype_or_field": "DocField",
  "field_name": "barcodes",
  "is_system_generated": 1,
  "modified": "2025-03-18 14:37:48.156902",
  "module": null,
  "name": "Item-barcodes-hidden",
  "property": "hidden",
  "property_type": "Check",
  "row_name": null,
  "value": "0"
 },
 {
  "default_value": null,
  "doc_type": "Material Request",
  "docstatus": 0,
  "doctype": "Property Setter",
  "doctype_or_field": "DocField",
  "field_name": "scan_barcode",
  "is_system_generated": 1,
  "modified": "2025-03-18 14:37:48.185482",
  "module": null,
  "name": "Material Request-scan_barcode-hidden",
  "property": "hidden",
  "property_type": "Check",
  "row_name": null,
  "value": "0"
 },
 {
  "default_value": null,
  "doc_type": "Delivery Note",
  "docstatus": 0,
  "doctype": "Property Setter",
  "doctype_or_field": "DocField",
  "field_name": "scan_barcode",
  "is_system_generated": 1,
  "modified": "2025-03-18 14:37:48.210359",
  "module": null,
  "name": "Delivery Note-scan_barcode-hidden",
  "property": "hidden",
  "property_type": "Check",
  "row_name": null,
  "value": "0"
 },
 {
  "default_value": null,
  "doc_type": "Purchase Invoice",
  "docstatus": 0,
  "doctype": "Property Setter",
  "doctype_or_field": "DocField",
  "field_name": "scan_barcode",
  "is_system_generated": 1,
  "modified": "2025-03-18 14:37:48.240512",
  "module": null,
  "name": "Purchase Invoice-scan_barcode-hidden",
  "property": "hidden",
  "property_type": "Check",
  "row_name": null,
  "value": "0"
 },
 {
  "default_value": null,
  "doc_type": "Purchase Receipt",
  "docstatus": 0,
  "doctype": "Property Setter",
  "doctype_or_field": "DocField",
  "field_name": "scan_barcode",
  "is_system_generated": 1,
  "modified": "2025-03-18 14:37:48.269449",
  "module": null,
  "name": "Purchase Receipt-scan_barcode-hidden",
  "property": "hidden",
  "property_type": "Check",
  "row_name": null,
  "value": "0"
 },
 {
  "default_value": null,
  "doc_type": "Stock Entry",
  "docstatus": 0,
  "doctype": "Property Setter",
  "doctype_or_field": "DocField",
  "field_name": "scan_barcode",
  "is_system_generated": 1,
  "modified": "2025-03-18 14:37:48.292321",
  "module": null,
  "name": "Stock Entry-scan_barcode-hidden",
  "property": "hidden",
  "property_type": "Check",
  "row_name": null,
  "value": "0"
 },
 {
  "default_value": null,
  "doc_type": "Sales Invoice",
  "docstatus": 0,
  "doctype": "Property Setter",
  "doctype_or_field": "DocField",
  "field_name": "scan_barcode",
  "is_system_generated": 1,
  "modified": "2025-03-18 14:37:48.315206",
  "module": null,
  "name": "Sales Invoice-scan_barcode-hidden",
  "property": "hidden",
  "property_type": "Check",
  "row_name": null,
  "value": "0"
 },
 {
  "default_value": null,
  "doc_type": "POS Invoice",
  "docstatus": 0,
  "doctype": "Property Setter",
  "doctype_or_field": "DocField",
  "field_name": "scan_barcode",
  "is_system_generated": 1,
  "modified": "2025-03-18 14:37:48.339673",
  "module": null,
  "name": "POS Invoice-scan_barcode-hidden",
  "property": "hidden",
  "property_type": "Check",
  "row_name": null,
  "value": "0"
 },
 {
  "default_value": null,
  "doc_type": "Pick List",
  "docstatus": 0,
  "doctype": "Property Setter",
  "doctype_or_field": "DocField",
  "field_name": "scan_barcode",
  "is_system_generated": 1,
  "modified": "2025-03-18 14:37:48.370837",
  "module": null,
  "name": "Pick List-scan_barcode-hidden",
  "property": "hidden",
  "property_type": "Check",
  "row_name": null,
  "value": "0"
 },
 {
  "default_value": null,
  "doc_type": "Quotation",
  "docstatus": 0,
  "doctype": "Property Setter",
  "doctype_or_field": "DocField",
  "field_name": "scan_barcode",
  "is_system_generated": 1,
  "modified": "2025-03-18 14:37:48.397188",
  "module": null,
  "name": "Quotation-scan_barcode-hidden",
  "property": "hidden",
  "property_type": "Check",
  "row_name": null,
  "value": "0"
 },
 {
  "default_value": null,
  "doc_type": "Sales Order",
  "docstatus": 0,
  "doctype": "Property Setter",
  "doctype_or_field": "DocField",
  "field_name": "scan_barcode",
  "is_system_generated": 1,
  "modified": "2025-03-18 14:37:48.429308",
  "module": null,
  "name": "Sales Order-scan_barcode-hidden",
  "property": "hidden",
  "property_type": "Check",
  "row_name": null,
  "value": "0"
 },
 {
  "default_value": null,
  "doc_type": "Stock Reconciliation",
  "docstatus": 0,
  "doctype": "Property Setter",
  "doctype_or_field": "DocField",
  "field_name": "scan_barcode",
  "is_system_generated": 1,
  "modified": "2025-03-18 14:37:48.461958",
  "module": null,
  "name": "Stock Reconciliation-scan_barcode-hidden",
  "property": "hidden",
  "property_type": "Check",
  "row_name": null,
  "value": "0"
 },
 {
  "default_value": null,
  "doc_type": "Purchase Order",
  "docstatus": 0,
  "doctype": "Property Setter",
  "doctype_or_field": "DocField",
  "field_name": "scan_barcode",
  "is_system_generated": 1,
  "modified": "2025-03-18 14:37:48.488895",
  "module": null,
  "name": "Purchase Order-scan_barcode-hidden",
  "property": "hidden",
  "property_type": "Check",
  "row_name": null,
  "value": "0"
 },
 {
  "default_value": null,
  "doc_type": "Sales Invoice Item",
  "docstatus": 0,
  "doctype": "Property Setter",
  "doctype_or_field": "DocField",
  "field_name": "target_warehouse",
  "is_system_generated": 0,
  "modified": "2025-03-18 14:37:48.568077",
  "module": null,
  "name": "Sales Invoice Item-target_warehouse-hidden",
  "property": "hidden",
  "property_type": "Check",
  "row_name": null,
  "value": "1"
 },
 {
  "default_value": null,
  "doc_type": "Delivery Note Item",
  "docstatus": 0,
  "doctype": "Property Setter",
  "doctype_or_field": "DocField",
  "field_name": "target_warehouse",
  "is_system_generated": 0,
  "modified": "2025-03-18 14:37:48.593548",
  "module": null,
  "name": "Delivery Note Item-target_warehouse-hidden",
  "property": "hidden",
  "property_type": "Check",
  "row_name": null,
  "value": "1"
 },
 {
  "default_value": null,
  "doc_type": "Purchase Invoice Item",
  "docstatus": 0,
  "doctype": "Property Setter",
  "doctype_or_field": "DocField",
  "field_name": "from_warehouse",
  "is_system_generated": 0,
  "modified": "2025-03-18 14:37:48.618314",
  "module": null,
  "name": "Purchase Invoice Item-from_warehouse-hidden",
  "property": "hidden",
  "property_type": "Check",
  "row_name": null,
  "value": "1"
 },
 {
  "default_value": null,
  "doc_type": "Purchase Receipt Item",
  "docstatus": 0,
  "doctype": "Property Setter",
  "doctype_or_field": "DocField",
  "field_name": "from_warehouse",
  "is_system_generated": 0,
  "modified": "2025-03-18 14:37:48.651032",
  "module": null,
  "name": "Purchase Receipt Item-from_warehouse-hidden",
  "property": "hidden",
  "property_type": "Check",
  "row_name": null,
  "value": "1"
 },
 {
  "default_value": null,
  "doc_type": "Customer",
  "docstatus": 0,
  "doctype": "Property Setter",
  "doctype_or_field": "DocField",
  "field_name": "naming_series",
  "is_system_generated": 0,
  "modified": "2025-03-20 13:57:27.984386",
  "module": null,
  "name": "Customer-naming_series-reqd",
  "property": "reqd",
  "property_type": "Check",
  "row_name": null,
  "value": "0"
 },
 {
  "default_value": null,
  "doc_type": "Customer",
  "docstatus": 0,
  "doctype": "Property Setter",
  "doctype_or_field": "DocField",
  "field_name": "naming_series",
  "is_system_generated": 0,
  "modified": "2025-03-20 13:57:28.754643",
  "module": null,
  "name": "Customer-naming_series-hidden",
  "property": "hidden",
  "property_type": "Check",
  "row_name": null,
  "value": "1"
 },
 {
  "default_value": null,
  "doc_type": "Sales Order",
  "docstatus": 0,
  "doctype": "Property Setter",
  "doctype_or_field": "DocField",
  "field_name": "tax_id",
  "is_system_generated": 0,
  "modified": "2025-03-20 13:57:28.788202",
  "module": null,
  "name": "Sales Order-tax_id-hidden",
  "property": "hidden",
  "property_type": "Check",
  "row_name": null,
  "value": "0"
 },
 {
  "default_value": null,
  "doc_type": "Sales Order",
  "docstatus": 0,
  "doctype": "Property Setter",
  "doctype_or_field": "DocField",
  "field_name": "tax_id",
  "is_system_generated": 0,
  "modified": "2025-03-20 13:57:28.806134",
  "module": null,
  "name": "Sales Order-tax_id-print_hide",
  "property": "print_hide",
  "property_type": "Check",
  "row_name": null,
  "value": "0"
 },
 {
  "default_value": null,
  "doc_type": "Sales Invoice",
  "docstatus": 0,
  "doctype": "Property Setter",
  "doctype_or_field": "DocField",
  "field_name": "tax_id",
  "is_system_generated": 0,
  "modified": "2025-03-20 13:57:28.823128",
  "module": null,
  "name": "Sales Invoice-tax_id-hidden",
  "property": "hidden",
  "property_type": "Check",
  "row_name": null,
  "value": "0"
 },
 {
  "default_value": null,
  "doc_type": "Sales Invoice",
  "docstatus": 0,
  "doctype": "Property Setter",
  "doctype_or_field": "DocField",
  "field_name": "tax_id",
  "is_system_generated": 0,
  "modified": "2025-03-20 13:57:28.841175",
  "module": null,
  "name": "Sales Invoice-tax_id-print_hide",
  "property": "print_hide",
  "property_type": "Check",
  "row_name": null,
  "value": "0"
 },
 {
  "default_value": null,
  "doc_type": "Delivery Note",
  "docstatus": 0,
  "doctype": "Property Setter",
  "doctype_or_field": "DocField",
  "field_name": "tax_id",
  "is_system_generated": 0,
  "modified": "2025-03-20 13:57:28.858791",
  "module": null,
  "name": "Delivery Note-tax_id-hidden",
  "property": "hidden",
  "property_type": "Check",
  "row_name": null,
  "value": "0"
 },
 {
  "default_value": null,
  "doc_type": "Delivery Note",
  "docstatus": 0,
  "doctype": "Property Setter",
  "doctype_or_field": "DocField",
  "field_name": "tax_id",
  "is_system_generated": 0,
  "modified": "2025-03-20 13:57:28.876227",
  "module": null,
  "name": "Delivery Note-tax_id-print_hide",
  "property": "print_hide",
  "property_type": "Check",
  "row_name": null,
  "value": "0"
 },
 {
  "default_value": null,
  "doc_type": "Packed Item",
  "docstatus": 0,
  "doctype": "Property Setter",
  "doctype_or_field": "DocField",
  "field_name": "rate",
  "is_system_generated": 0,
  "modified": "2025-03-20 13:57:28.893638",
  "module": null,
  "name": "Packed Item-rate-read_only",
  "property": "read_only",
  "property_type": "Check",
  "row_name": null,
  "value": "1"
 },
 {
  "default_value": null,
  "doc_type": "Sales Invoice Item",
  "docstatus": 0,
  "doctype": "Property Setter",
  "doctype_or_field": "DocField",
  "field_name": "discount_account",
  "is_system_generated": 0,
  "modified": "2025-03-20 13:57:28.914394",
  "module": null,
  "name": "Sales Invoice Item-discount_account-hidden",
  "property": "hidden",
  "property_type": "Check",
  "row_name": null,
  "value": "1"
 },
 {
  "default_value": null,
  "doc_type": "Sales Invoice Item",
  "docstatus": 0,
  "doctype": "Property Setter",
  "doctype_or_field": "DocField",
  "field_name": "discount_account",
  "is_system_generated": 0,
  "modified": "2025-03-20 13:57:28.935062",
  "module": null,
  "name": "Sales Invoice Item-discount_account-mandatory_depends_on",
  "property": "mandatory_depends_on",
  "property_type": "Code",
  "row_name": null,
  "value": ""
 },
 {
  "default_value": null,
  "doc_type": "Sales Invoice",
  "docstatus": 0,
  "doctype": "Property Setter",
  "doctype_or_field": "DocField",
  "field_name": "additional_discount_account",
  "is_system_generated": 0,
  "modified": "2025-03-20 13:57:28.953377",
  "module": null,
  "name": "Sales Invoice-additional_discount_account-hidden",
  "property": "hidden",
  "property_type": "Check",
  "row_name": null,
  "value": "1"
 },
 {
  "default_value": null,
  "doc_type": "Sales Invoice",
  "docstatus": 0,
  "doctype": "Property Setter",
  "doctype_or_field": "DocField",
  "field_name": "additional_discount_account",
  "is_system_generated": 0,
  "modified": "2025-03-20 13:57:28.971056",
  "module": null,
  "name": "Sales Invoice-additional_discount_account-mandatory_depends_on",
  "property": "mandatory_depends_on",
  "property_type": "Code",
  "row_name": null,
  "value": ""
 },
 {
  "default_value": null,
  "doc_type": "Item",
  "docstatus": 0,
  "doctype": "Property Setter",
  "doctype_or_field": "DocField",
  "field_name": "gst_hsn_code",
  "is_system_generated": 0,
  "modified": "2025-03-21 14:56:45.043974",
  "module": null,
  "name": "Item-gst_hsn_code-mandatory_depends_on",
  "property": "mandatory_depends_on",
  "property_type": "Data",
  "row_name": null,
  "value": ""
 },
 {
  "default_value": null,
  "doc_type": "Healthcare Practitioner",
  "docstatus": 0,
  "doctype": "Property Setter",
  "doctype_or_field": "DocType",
  "field_name": null,
  "is_system_generated": 0,
  "modified": "2025-03-24 10:58:11.718592",
  "module": null,
  "name": "Healthcare Practitioner-main-field_order",
  "property": "field_order",
  "property_type": "Data",
  "row_name": null,
  "value": "[\"custom_reset_token\", \"basic_details_section\", \"naming_series\", \"first_name\", \"middle_name\", \"last_name\", \"practitioner_name\", \"gender\", \"image\", \"column_break_7\", \"status\", \"mobile_phone\", \"residence_phone\", \"office_phone\", \"token_history\", \"employee_and_user_details_section\", \"practitioner_type\", \"employee\", \"supplier\", \"department\", \"designation\", \"column_break_17\", \"user_id\", \"hospital\", \"appointments\", \"practitioner_schedules\", \"google_calendar\", \"charges\", \"op_consulting_charge_item\", \"op_consulting_charge\", \"column_break_18\", \"inpatient_visit_charge_item\", \"inpatient_visit_charge\", \"account_details\", \"default_currency\", \"accounts\", \"address_and_contacts_section\", \"address_html\", \"column_break_19\", \"contact_html\", \"primary_address_and_contact_detail\", \"practitioner_primary_contact\", \"mobile_no\", \"custom_consultation_fee\", \"email_id\", \"column_break_26\", \"practitioner_primary_address\", \"primary_address\"]"
 },
 {
  "default_value": null,
  "doc_type": "Healthcare Practitioner",
  "docstatus": 0,
  "doctype": "Property Setter",
  "doctype_or_field": "DocType",
  "field_name": null,
  "is_system_generated": 0,
  "modified": "2025-03-24 11:03:29.486687",
  "module": null,
  "name": "Healthcare Practitioner-main-title_field",
  "property": "title_field",
  "property_type": "Data",
  "row_name": null,
  "value": ""
 },
 {
  "default_value": null,
  "doc_type": "Healthcare Practitioner",
  "docstatus": 0,
  "doctype": "Property Setter",
  "doctype_or_field": "DocField",
  "field_name": "practitioner_name",
  "is_system_generated": 0,
  "modified": "2025-03-24 11:03:29.813642",
  "module": null,
  "name": "Healthcare Practitioner-practitioner_name-unique",
  "property": "unique",
  "property_type": "Check",
  "row_name": null,
  "value": "1"
 },
 {
  "default_value": null,
  "doc_type": "Healthcare Practitioner",
  "docstatus": 0,
  "doctype": "Property Setter",
  "doctype_or_field": "DocType",
  "field_name": null,
  "is_system_generated": 0,
  "modified": "2025-03-24 11:11:27.577617",
  "module": null,
  "name": "Healthcare Practitioner-main-naming_rule",
  "property": "naming_rule",
  "property_type": "Data",
  "row_name": null,
  "value": ""
 },
 {
  "default_value": null,
  "doc_type": "Pharmacy Billing",
  "docstatus": 0,
  "doctype": "Property Setter",
  "doctype_or_field": "DocType",
  "field_name": null,
  "is_system_generated": 0,
  "modified": "2025-03-24 12:55:19.079055",
  "module": null,
  "name": "Pharmacy Billing-main-field_order",
  "property": "field_order",
  "property_type": "Data",
  "row_name": null,
  "value": "[\"patient_name\", \"healthcare_practitioner\", \"department\", \"company\", \"column_break_uqmu\", \"amended_from\", \"date_and_time\", \"pharmacy_invoice_number\", \"section_break_pnxf\", \"medicines\", \"section_break_fuie\", \"column_break_spwb\", \"custom_total_item\", \"saved_amount\", \"column_break_xmep\", \"total_quantity\", \"column_break_dwwe\", \"custom_sub_total_before_tax\", \"custom_total_cgst\", \"custom_total_sgst\", \"custom_total_tax_amount\", \"total_amount\", \"custom_rounded_total_amount\", \"custom_amount_in_words\"]"
 },
 {
  "default_value": null,
  "doc_type": "Patient",
  "docstatus": 0,
  "doctype": "Property Setter",
  "doctype_or_field": "DocType",
  "field_name": null,
  "is_system_generated": 0,
  "modified": "2025-03-25 13:03:45.720617",
  "module": null,
  "name": "Patient-main-field_order",
  "property": "field_order",
  "property_type": "Data",
  "row_name": null,
  "value": "[\"custom_consultation_valid_date\", \"basic_info\", \"mobile\", \"custom_is_whatsapp\", \"phone\", \"naming_series\", \"custom_is_registered\", \"first_name\", \"middle_name\", \"last_name\", \"patient_name\", \"custom_registration_period\", \"custom_free_consultation_period\", \"custom_consultation_renewal_date\", \"custom_valid_till\", \"image\", \"column_break_14\", \"status\", \"uid\", \"sex\", \"territory\", \"dob\", \"age_html\", \"blood_group\", \"inpatient_record\", \"inpatient_status\", \"report_preference\", \"email\", \"invite_user\", \"user_id\", \"custom_section_break_ecdmj\", \"custom_address_line\", \"custom_pincode\", \"custom_column_break_xha6o\", \"custom_city\", \"custom_country\", \"custom_state\", \"customer_details_section\", \"customer\", \"customer_group\", \"column_break_24\", \"default_currency\", \"default_price_list\", \"language\", \"more_info\", \"patient_details\", \"dashboard_tab\", \"address_and_contact_tab\", \"address_contacts\", \"address_html\", \"column_break_22\", \"contact_html\", \"sb_relation\", \"patient_relation\", \"medical_history_tab\", \"personal_and_social_history\", \"occupation\", \"column_break_25\", \"marital_status\", \"allergy_medical_and_surgical_history\", \"allergies\", \"medication\", \"column_break_20\", \"medical_history\", \"surgical_history\", \"risk_factors\", \"tobacco_past_use\", \"tobacco_current_use\", \"alcohol_past_use\", \"alcohol_current_use\", \"column_break_32\", \"surrounding_factors\", \"other_risk_factors\"]"
 },
 {
  "default_value": null,
  "doc_type": "Pharmacy Billing",
  "docstatus": 0,
  "doctype": "Property Setter",
  "doctype_or_field": "DocType",
  "field_name": null,
  "is_system_generated": 0,
  "modified": "2025-03-25 13:50:46.524404",
  "module": null,
  "name": "Pharmacy Billing-main-naming_rule",
  "property": "naming_rule",
  "property_type": "Data",
  "row_name": null,
  "value": "By fieldname"
 },
 {
  "default_value": null,
  "doc_type": "Pharmacy Billing",
  "docstatus": 0,
  "doctype": "Property Setter",
  "doctype_or_field": "DocType",
  "field_name": null,
  "is_system_generated": 0,
  "modified": "2025-03-25 13:50:46.668532",
  "module": null,
  "name": "Pharmacy Billing-main-autoname",
  "property": "autoname",
  "property_type": "Data",
  "row_name": null,
  "value": "field:pharmacy_invoice_number"
 },
 {
  "default_value": null,
  "doc_type": "Laboratory Bill",
  "docstatus": 0,
  "doctype": "Property Setter",
  "doctype_or_field": "DocType",
  "field_name": null,
  "is_system_generated": 0,
  "modified": "2025-03-25 14:27:15.071409",
  "module": null,
  "name": "Laboratory Bill-main-field_order",
  "property": "field_order",
  "property_type": "Data",
  "row_name": null,
  "value": "[\"section_break_2l4s\", \"patient_name\", \"healthcare_practitioner\", \"department\", \"column_break_mivu\", \"date_and_time\", \"custom_company\", \"section_break_lvgo\", \"lab_items\", \"amended_from\", \"section_break_njih\", \"column_break_hvpm\", \"total_items\", \"saved_amount\", \"column_break_duta\", \"total_quantity\", \"column_break_saun\", \"total_amount\", \"rounded_total_amount\", \"amount_in_words\"]"
 },
 {
  "default_value": null,
  "doc_type": "Purchase Receipt",
  "docstatus": 0,
  "doctype": "Property Setter",
  "doctype_or_field": "DocField",
  "field_name": "provisional_expense_account",
  "is_system_generated": 0,
  "modified": "2025-03-26 14:45:20.908356",
  "module": null,
  "name": "Purchase Receipt-provisional_expense_account-hidden",
  "property": "hidden",
  "property_type": "Check",
  "row_name": null,
  "value": "1"
 },
 {
  "default_value": null,
  "doc_type": "Patient",
  "docstatus": 0,
  "doctype": "Property Setter",
  "doctype_or_field": "DocField",
  "field_name": "mobile",
  "is_system_generated": 0,
  "modified": "2025-03-28 15:28:28.038590",
  "module": null,
  "name": "Patient-mobile-length",
  "property": "length",
  "property_type": "Int",
  "row_name": null,
  "value": "10"
 },
 {
  "default_value": null,
  "doc_type": "Patient",
  "docstatus": 0,
  "doctype": "Property Setter",
  "doctype_or_field": "DocField",
  "field_name": "phone",
  "is_system_generated": 0,
  "modified": "2025-03-28 15:28:28.166611",
  "module": null,
  "name": "Patient-phone-length",
  "property": "length",
  "property_type": "Int",
  "row_name": null,
  "value": "10"
 },
 {
  "default_value": null,
  "doc_type": "Item",
  "docstatus": 0,
  "doctype": "Property Setter",
  "doctype_or_field": "DocField",
  "field_name": "item_name",
  "is_system_generated": 0,
  "modified": "2025-04-02 13:04:50.369387",
  "module": null,
  "name": "Item-item_name-length",
  "property": "length",
  "property_type": "Int",
  "row_name": null,
  "value": "43"
 },
 {
  "default_value": null,
  "doc_type": "Patient",
  "docstatus": 0,
  "doctype": "Property Setter",
  "doctype_or_field": "DocField",
  "field_name": "naming_series",
  "is_system_generated": 0,
  "modified": "2025-04-03 17:48:45.922633",
  "module": null,
  "name": "Patient-naming_series-options",
  "property": "options",
  "property_type": "Text",
  "row_name": null,
  "value": "DRCK-.MM./.YYYY.-.#####"
 },
 {
  "default_value": null,
  "doc_type": "Patient",
  "docstatus": 0,
  "doctype": "Property Setter",
  "doctype_or_field": "DocField",
  "field_name": "naming_series",
  "is_system_generated": 0,
  "modified": "2025-04-03 17:48:46.061640",
  "module": null,
  "name": "Patient-naming_series-default",
  "property": "default",
  "property_type": "Text",
  "row_name": null,
  "value": "DRCK-.MM./.YYYY.-.#####"
 },
 {
  "default_value": null,
  "doc_type": "Patient",
  "docstatus": 0,
  "doctype": "Property Setter",
  "doctype_or_field": "DocType",
  "field_name": null,
  "is_system_generated": 0,
  "modified": "2025-04-04 11:35:08.534263",
  "module": null,
  "name": "Patient-main-naming_rule",
  "property": "naming_rule",
  "property_type": "Data",
  "row_name": null,
  "value": "By fieldname"
 },
 {
  "default_value": null,
  "doc_type": "Patient",
  "docstatus": 0,
  "doctype": "Property Setter",
  "doctype_or_field": "DocType",
  "field_name": null,
  "is_system_generated": 0,
  "modified": "2025-04-04 11:35:08.646032",
  "module": null,
  "name": "Patient-main-autoname",
  "property": "autoname",
  "property_type": "Data",
  "row_name": null,
  "value": "field:uid"
 }
]