[
 {
  "desk_access": 1,
  "disabled": 0,
  "docstatus": 0,
  "doctype": "Role",
  "home_page": null,
  "is_custom": 0,
  "modified": "2025-02-20 15:39:53.421600",
  "name": "System Manager",
  "restrict_to_domain": null,
  "role_name": "System Manager",
  "two_factor_auth": 0
 },
 {
  "desk_access": 1,
  "disabled": 0,
  "docstatus": 0,
  "doctype": "Role",
  "home_page": null,
  "is_custom": 0,
  "modified": "2025-02-20 15:39:53.430985",
  "name": "Administrator",
  "restrict_to_domain": null,
  "role_name": "Administrator",
  "two_factor_auth": 0
 },
 {
  "desk_access": 1,
  "disabled": 0,
  "docstatus": 0,
  "doctype": "Role",
  "home_page": null,
  "is_custom": 0,
  "modified": "2025-02-20 15:39:53.440121",
  "name": "Desk User",
  "restrict_to_domain": null,
  "role_name": "Desk User",
  "two_factor_auth": 0
 },
 {
  "desk_access": 1,
  "disabled": 0,
  "docstatus": 0,
  "doctype": "Role",
  "home_page": null,
  "is_custom": 0,
  "modified": "2025-02-20 15:39:53.449300",
  "name": "All",
  "restrict_to_domain": null,
  "role_name": "All",
  "two_factor_auth": 0
 },
 {
  "desk_access": 0,
  "disabled": 0,
  "docstatus": 0,
  "doctype": "Role",
  "home_page": null,
  "is_custom": 0,
  "modified": "2025-02-20 15:39:53.458109",
  "name": "Guest",
  "restrict_to_domain": null,
  "role_name": "Guest",
  "two_factor_auth": 0
 },
 {
  "desk_access": 1,
  "disabled": 0,
  "docstatus": 0,
  "doctype": "Role",
  "home_page": null,
  "is_custom": 0,
  "modified": "2025-02-20 15:39:53.924160",
  "name": "Website Manager",
  "restrict_to_domain": null,
  "role_name": "Website Manager",
  "two_factor_auth": 0
 },
 {
  "desk_access": 1,
  "disabled": 0,
  "docstatus": 0,
  "doctype": "Role",
  "home_page": null,
  "is_custom": 0,
  "modified": "2025-02-20 15:39:54.249772",
  "name": "Dashboard Manager",
  "restrict_to_domain": null,
  "role_name": "Dashboard Manager",
  "two_factor_auth": 0
 },
 {
  "desk_access": 1,
  "disabled": 0,
  "docstatus": 0,
  "doctype": "Role",
  "home_page": null,
  "is_custom": 0,
  "modified": "2025-02-20 15:39:55.258990",
  "name": "Workspace Manager",
  "restrict_to_domain": null,
  "role_name": "Workspace Manager",
  "two_factor_auth": 0
 },
 {
  "desk_access": 1,
  "disabled": 0,
  "docstatus": 0,
  "doctype": "Role",
  "home_page": null,
  "is_custom": 0,
  "modified": "2025-02-20 15:39:55.461381",
  "name": "Report Manager",
  "restrict_to_domain": null,
  "role_name": "Report Manager",
  "two_factor_auth": 0
 },
 {
  "desk_access": 1,
  "disabled": 0,
  "docstatus": 0,
  "doctype": "Role",
  "home_page": null,
  "is_custom": 0,
  "modified": "2025-02-20 15:39:56.268615",
  "name": "Script Manager",
  "restrict_to_domain": null,
  "role_name": "Script Manager",
  "two_factor_auth": 0
 },
 {
  "desk_access": 1,
  "disabled": 0,
  "docstatus": 0,
  "doctype": "Role",
  "home_page": null,
  "is_custom": 0,
  "modified": "2025-02-20 15:39:59.770986",
  "name": "Prepared Report User",
  "restrict_to_domain": null,
  "role_name": "Prepared Report User",
  "two_factor_auth": 0
 },
 {
  "desk_access": 1,
  "disabled": 0,
  "docstatus": 0,
  "doctype": "Role",
  "home_page": null,
  "is_custom": 0,
  "modified": "2025-02-20 15:40:00.125537",
  "name": "Inbox User",
  "restrict_to_domain": null,
  "role_name": "Inbox User",
  "two_factor_auth": 0
 },
 {
  "desk_access": 1,
  "disabled": 0,
  "docstatus": 0,
  "doctype": "Role",
  "home_page": null,
  "is_custom": 0,
  "modified": "2025-02-20 15:40:04.159075",
  "name": "Blogger",
  "restrict_to_domain": null,
  "role_name": "Blogger",
  "two_factor_auth": 0
 },
 {
  "desk_access": 1,
  "disabled": 0,
  "docstatus": 0,
  "doctype": "Role",
  "home_page": null,
  "is_custom": 0,
  "modified": "2025-02-20 15:40:04.433038",
  "name": "Newsletter Manager",
  "restrict_to_domain": null,
  "role_name": "Newsletter Manager",
  "two_factor_auth": 0
 },
 {
  "desk_access": 1,
  "disabled": 0,
  "docstatus": 0,
  "doctype": "Role",
  "home_page": null,
  "is_custom": 0,
  "modified": "2025-02-20 15:40:04.579230",
  "name": "Knowledge Base Editor",
  "restrict_to_domain": null,
  "role_name": "Knowledge Base Editor",
  "two_factor_auth": 0
 },
 {
  "desk_access": 1,
  "disabled": 0,
  "docstatus": 0,
  "doctype": "Role",
  "home_page": null,
  "is_custom": 0,
  "modified": "2025-02-20 15:40:04.590717",
  "name": "Knowledge Base Contributor",
  "restrict_to_domain": null,
  "role_name": "Knowledge Base Contributor",
  "two_factor_auth": 0
 },
 {
  "desk_access": 1,
  "disabled": 0,
  "docstatus": 0,
  "doctype": "Role",
  "home_page": null,
  "is_custom": 0,
  "modified": "2025-02-20 15:40:10.588964",
  "name": "Purchase User",
  "restrict_to_domain": null,
  "role_name": "Purchase User",
  "two_factor_auth": 0
 },
 {
  "desk_access": 1,
  "disabled": 0,
  "docstatus": 0,
  "doctype": "Role",
  "home_page": null,
  "is_custom": 0,
  "modified": "2025-02-20 15:40:10.595250",
  "name": "Accounts Manager",
  "restrict_to_domain": null,
  "role_name": "Accounts Manager",
  "two_factor_auth": 0
 },
 {
  "desk_access": 1,
  "disabled": 0,
  "docstatus": 0,
  "doctype": "Role",
  "home_page": null,
  "is_custom": 0,
  "modified": "2025-02-20 15:40:10.610784",
  "name": "Accounts User",
  "restrict_to_domain": null,
  "role_name": "Accounts User",
  "two_factor_auth": 0
 },
 {
  "desk_access": 1,
  "disabled": 0,
  "docstatus": 0,
  "doctype": "Role",
  "home_page": null,
  "is_custom": 0,
  "modified": "2025-02-20 15:40:10.621557",
  "name": "Sales User",
  "restrict_to_domain": null,
  "role_name": "Sales User",
  "two_factor_auth": 0
 },
 {
  "desk_access": 1,
  "disabled": 0,
  "docstatus": 0,
  "doctype": "Role",
  "home_page": null,
  "is_custom": 0,
  "modified": "2025-02-20 15:40:17.775948",
  "name": "Maintenance User",
  "restrict_to_domain": null,
  "role_name": "Maintenance User",
  "two_factor_auth": 0
 },
 {
  "desk_access": 1,
  "disabled": 0,
  "docstatus": 0,
  "doctype": "Role",
  "home_page": null,
  "is_custom": 0,
  "modified": "2025-02-20 15:40:17.782058",
  "name": "Sales Master Manager",
  "restrict_to_domain": null,
  "role_name": "Sales Master Manager",
  "two_factor_auth": 0
 },
 {
  "desk_access": 1,
  "disabled": 0,
  "docstatus": 0,
  "doctype": "Role",
  "home_page": null,
  "is_custom": 0,
  "modified": "2025-02-20 15:40:17.791548",
  "name": "Maintenance Manager",
  "restrict_to_domain": null,
  "role_name": "Maintenance Manager",
  "two_factor_auth": 0
 },
 {
  "desk_access": 1,
  "disabled": 0,
  "docstatus": 0,
  "doctype": "Role",
  "home_page": null,
  "is_custom": 0,
  "modified": "2025-02-20 15:40:17.798140",
  "name": "Sales Manager",
  "restrict_to_domain": null,
  "role_name": "Sales Manager",
  "two_factor_auth": 0
 },
 {
  "desk_access": 1,
  "disabled": 0,
  "docstatus": 0,
  "doctype": "Role",
  "home_page": null,
  "is_custom": 0,
  "modified": "2025-02-20 15:40:17.812474",
  "name": "Purchase Master Manager",
  "restrict_to_domain": null,
  "role_name": "Purchase Master Manager",
  "two_factor_auth": 0
 },
 {
  "desk_access": 1,
  "disabled": 0,
  "docstatus": 0,
  "doctype": "Role",
  "home_page": null,
  "is_custom": 0,
  "modified": "2025-02-20 15:40:17.819017",
  "name": "Purchase Manager",
  "restrict_to_domain": null,
  "role_name": "Purchase Manager",
  "two_factor_auth": 0
 },
 {
  "desk_access": 1,
  "disabled": 0,
  "docstatus": 0,
  "doctype": "Role",
  "home_page": null,
  "is_custom": 0,
  "modified": "2025-02-20 15:40:23.133596",
  "name": "Translator",
  "restrict_to_domain": null,
  "role_name": "Translator",
  "two_factor_auth": 0
 },
 {
  "desk_access": 1,
  "disabled": 0,
  "docstatus": 0,
  "doctype": "Role",
  "home_page": null,
  "is_custom": 0,
  "modified": "2025-02-20 15:42:41.059541",
  "name": "Auditor",
  "restrict_to_domain": null,
  "role_name": "Auditor",
  "two_factor_auth": 0
 },
 {
  "desk_access": 1,
  "disabled": 0,
  "docstatus": 0,
  "doctype": "Role",
  "home_page": null,
  "is_custom": 0,
  "modified": "2025-02-20 15:42:51.944090",
  "name": "Stock Manager",
  "restrict_to_domain": null,
  "role_name": "Stock Manager",
  "two_factor_auth": 0
 },
 {
  "desk_access": 1,
  "disabled": 0,
  "docstatus": 0,
  "doctype": "Role",
  "home_page": null,
  "is_custom": 0,
  "modified": "2025-02-20 15:42:51.969545",
  "name": "Stock User",
  "restrict_to_domain": null,
  "role_name": "Stock User",
  "two_factor_auth": 0
 },
 {
  "desk_access": 1,
  "disabled": 0,
  "docstatus": 0,
  "doctype": "Role",
  "home_page": null,
  "is_custom": 0,
  "modified": "2025-02-20 15:42:51.995015",
  "name": "Employee",
  "restrict_to_domain": null,
  "role_name": "Employee",
  "two_factor_auth": 0
 },
 {
  "desk_access": 1,
  "disabled": 0,
  "docstatus": 0,
  "doctype": "Role",
  "home_page": null,
  "is_custom": 0,
  "modified": "2025-02-20 15:43:01.174676",
  "name": "HR Manager",
  "restrict_to_domain": null,
  "role_name": "HR Manager",
  "two_factor_auth": 0
 },
 {
  "desk_access": 1,
  "disabled": 0,
  "docstatus": 0,
  "doctype": "Role",
  "home_page": null,
  "is_custom": 0,
  "modified": "2025-02-20 15:43:05.228277",
  "name": "Manufacturing Manager",
  "restrict_to_domain": null,
  "role_name": "Manufacturing Manager",
  "two_factor_auth": 0
 },
 {
  "desk_access": 1,
  "disabled": 0,
  "docstatus": 0,
  "doctype": "Role",
  "home_page": null,
  "is_custom": 0,
  "modified": "2025-02-20 15:43:06.467873",
  "name": "Projects User",
  "restrict_to_domain": null,
  "role_name": "Projects User",
  "two_factor_auth": 0
 },
 {
  "desk_access": 1,
  "disabled": 0,
  "docstatus": 0,
  "doctype": "Role",
  "home_page": null,
  "is_custom": 0,
  "modified": "2025-02-20 15:43:06.546769",
  "name": "Projects Manager",
  "restrict_to_domain": null,
  "role_name": "Projects Manager",
  "two_factor_auth": 0
 },
 {
  "desk_access": 1,
  "disabled": 0,
  "docstatus": 0,
  "doctype": "Role",
  "home_page": null,
  "is_custom": 0,
  "modified": "2025-02-20 15:43:07.923555",
  "name": "Manufacturing User",
  "restrict_to_domain": null,
  "role_name": "Manufacturing User",
  "two_factor_auth": 0
 },
 {
  "desk_access": 1,
  "disabled": 0,
  "docstatus": 0,
  "doctype": "Role",
  "home_page": null,
  "is_custom": 0,
  "modified": "2025-02-20 15:43:07.940473",
  "name": "HR User",
  "restrict_to_domain": null,
  "role_name": "HR User",
  "two_factor_auth": 0
 },
 {
  "desk_access": 1,
  "disabled": 0,
  "docstatus": 0,
  "doctype": "Role",
  "home_page": null,
  "is_custom": 0,
  "modified": "2025-02-20 15:43:11.194439",
  "name": "Item Manager",
  "restrict_to_domain": null,
  "role_name": "Item Manager",
  "two_factor_auth": 0
 },
 {
  "desk_access": 1,
  "disabled": 0,
  "docstatus": 0,
  "doctype": "Role",
  "home_page": null,
  "is_custom": 0,
  "modified": "2025-02-20 15:43:11.702580",
  "name": "Academics User",
  "restrict_to_domain": null,
  "role_name": "Academics User",
  "two_factor_auth": 0
 },
 {
  "desk_access": 1,
  "disabled": 0,
  "docstatus": 0,
  "doctype": "Role",
  "home_page": null,
  "is_custom": 0,
  "modified": "2025-02-20 15:43:12.762666",
  "name": "Fleet Manager",
  "restrict_to_domain": null,
  "role_name": "Fleet Manager",
  "two_factor_auth": 0
 },
 {
  "desk_access": 1,
  "disabled": 0,
  "docstatus": 0,
  "doctype": "Role",
  "home_page": null,
  "is_custom": 0,
  "modified": "2025-02-20 15:43:12.770869",
  "name": "Delivery Manager",
  "restrict_to_domain": null,
  "role_name": "Delivery Manager",
  "two_factor_auth": 0
 },
 {
  "desk_access": 1,
  "disabled": 0,
  "docstatus": 0,
  "doctype": "Role",
  "home_page": null,
  "is_custom": 0,
  "modified": "2025-02-20 15:43:12.779366",
  "name": "Delivery User",
  "restrict_to_domain": null,
  "role_name": "Delivery User",
  "two_factor_auth": 0
 },
 {
  "desk_access": 0,
  "disabled": 0,
  "docstatus": 0,
  "doctype": "Role",
  "home_page": null,
  "is_custom": 0,
  "modified": "2025-02-20 15:43:49.404439",
  "name": "Customer",
  "restrict_to_domain": null,
  "role_name": "Customer",
  "two_factor_auth": 0
 },
 {
  "desk_access": 1,
  "disabled": 0,
  "docstatus": 0,
  "doctype": "Role",
  "home_page": null,
  "is_custom": 0,
  "modified": "2025-02-20 15:43:21.194385",
  "name": "Quality Manager",
  "restrict_to_domain": null,
  "role_name": "Quality Manager",
  "two_factor_auth": 0
 },
 {
  "desk_access": 1,
  "disabled": 0,
  "docstatus": 0,
  "doctype": "Role",
  "home_page": null,
  "is_custom": 0,
  "modified": "2025-02-20 15:43:21.452884",
  "name": "Fulfillment User",
  "restrict_to_domain": null,
  "role_name": "Fulfillment User",
  "two_factor_auth": 0
 },
 {
  "desk_access": 1,
  "disabled": 0,
  "docstatus": 0,
  "doctype": "Role",
  "home_page": null,
  "is_custom": 0,
  "modified": "2025-02-20 15:43:31.963496",
  "name": "Support Team",
  "restrict_to_domain": null,
  "role_name": "Support Team",
  "two_factor_auth": 0
 },
 {
  "desk_access": 1,
  "disabled": 0,
  "docstatus": 0,
  "doctype": "Role",
  "home_page": null,
  "is_custom": 0,
  "modified": "2025-02-20 15:43:35.802525",
  "name": "Agriculture Manager",
  "restrict_to_domain": null,
  "role_name": "Agriculture Manager",
  "two_factor_auth": 0
 },
 {
  "desk_access": 1,
  "disabled": 0,
  "docstatus": 0,
  "doctype": "Role",
  "home_page": null,
  "is_custom": 0,
  "modified": "2025-02-20 15:43:35.859242",
  "name": "Agriculture User",
  "restrict_to_domain": null,
  "role_name": "Agriculture User",
  "two_factor_auth": 0
 },
 {
  "desk_access": 0,
  "disabled": 0,
  "docstatus": 0,
  "doctype": "Role",
  "home_page": null,
  "is_custom": 0,
  "modified": "2025-02-20 15:43:49.405307",
  "name": "Supplier",
  "restrict_to_domain": null,
  "role_name": "Supplier",
  "two_factor_auth": 0
 },
 {
  "desk_access": 1,
  "disabled": 0,
  "docstatus": 0,
  "doctype": "Role",
  "home_page": null,
  "is_custom": 0,
  "modified": "2025-02-20 15:43:47.214112",
  "name": "Analytics",
  "restrict_to_domain": null,
  "role_name": "Analytics",
  "two_factor_auth": 0
 },
 {
  "desk_access": 1,
  "disabled": 0,
  "docstatus": 0,
  "doctype": "Role",
  "home_page": null,
  "is_custom": 0,
  "modified": "2025-02-20 15:46:25.537477",
  "name": "Healthcare Administrator",
  "restrict_to_domain": null,
  "role_name": "Healthcare Administrator",
  "two_factor_auth": 0
 },
 {
  "desk_access": 1,
  "disabled": 0,
  "docstatus": 0,
  "doctype": "Role",
  "home_page": null,
  "is_custom": 0,
  "modified": "2025-02-20 15:46:25.563285",
  "name": "Physician",
  "restrict_to_domain": null,
  "role_name": "Physician",
  "two_factor_auth": 0
 },
 {
  "desk_access": 1,
  "disabled": 0,
  "docstatus": 0,
  "doctype": "Role",
  "home_page": null,
  "is_custom": 0,
  "modified": "2025-02-20 15:46:25.551016",
  "name": "Laboratory User",
  "restrict_to_domain": null,
  "role_name": "Laboratory User",
  "two_factor_auth": 0
 },
 {
  "desk_access": 1,
  "disabled": 0,
  "docstatus": 0,
  "doctype": "Role",
  "home_page": null,
  "is_custom": 0,
  "modified": "2025-02-20 15:46:25.557121",
  "name": "Nursing User",
  "restrict_to_domain": null,
  "role_name": "Nursing User",
  "two_factor_auth": 0
 },
 {
  "desk_access": 1,
  "disabled": 0,
  "docstatus": 0,
  "doctype": "Role",
  "home_page": null,
  "is_custom": 0,
  "modified": "2025-02-20 15:46:25.544916",
  "name": "LabTest Approver",
  "restrict_to_domain": null,
  "role_name": "LabTest Approver",
  "two_factor_auth": 0
 },
 {
  "desk_access": 0,
  "disabled": 0,
  "docstatus": 0,
  "doctype": "Role",
  "home_page": null,
  "is_custom": 0,
  "modified": "2025-02-20 15:46:25.572960",
  "name": "Patient",
  "restrict_to_domain": null,
  "role_name": "Patient",
  "two_factor_auth": 0
 }
]