[
 {
  "accept_payment": 0,
  "allow_comments": 1,
  "allow_delete": 1,
  "allow_edit": 1,
  "allow_incomplete": 0,
  "allow_multiple": 1,
  "allow_print": 0,
  "allowed_embedding_domains": null,
  "amount": 0.0,
  "amount_based_on_field": 0,
  "amount_field": null,
  "anonymous": 0,
  "apply_document_permissions": 0,
  "banner_image": null,
  "breadcrumbs": "[{\"title\":\"Tasks\", \"name\":\"tasks\"}]",
  "button_label": null,
  "client_script": null,
  "condition_json": null,
  "currency": null,
  "custom_css": null,
  "doc_type": "Task",
  "docstatus": 0,
  "doctype": "Web Form",
  "introduction_text": "",
  "is_standard": 1,
  "list_columns": [],
  "list_title": null,
  "login_required": 1,
  "max_attachment_size": 0,
  "meta_description": null,
  "meta_image": null,
  "meta_title": null,
  "modified": "2018-07-24 11:32:07.805956",
  "module": "Projects",
  "name": "tasks",
  "payment_button_help": null,
  "payment_button_label": "Buy Now",
  "payment_gateway": null,
  "print_format": null,
  "published": 1,
  "route": "tasks",
  "show_attachments": 0,
  "show_list": 0,
  "show_sidebar": 1,
  "success_message": null,
  "success_title": null,
  "success_url": "",
  "title": "Task",
  "web_form_fields": [
   {
    "allow_read_on_all_link_options": 0,
    "default": null,
    "depends_on": null,
    "description": null,
    "fieldname": "project",
    "fieldtype": "Link",
    "hidden": 0,
    "label": "Project",
    "mandatory_depends_on": null,
    "max_length": 0,
    "max_value": 0,
    "options": "Project",
    "parent": "tasks",
    "parentfield": "web_form_fields",
    "parenttype": "Web Form",
    "precision": null,
    "read_only": 1,
    "read_only_depends_on": null,
    "reqd": 1,
    "show_in_filter": 0
   },
   {
    "allow_read_on_all_link_options": 0,
    "default": null,
    "depends_on": null,
    "description": null,
    "fieldname": "subject",
    "fieldtype": "Data",
    "hidden": 0,
    "label": "Subject",
    "mandatory_depends_on": null,
    "max_length": 0,
    "max_value": 0,
    "options": null,
    "parent": "tasks",
    "parentfield": "web_form_fields",
    "parenttype": "Web Form",
    "precision": null,
    "read_only": 0,
    "read_only_depends_on": null,
    "reqd": 1,
    "show_in_filter": 0
   },
   {
    "allow_read_on_all_link_options": 0,
    "default": null,
    "depends_on": null,
    "description": null,
    "fieldname": "status",
    "fieldtype": "Select",
    "hidden": 0,
    "label": "Status",
    "mandatory_depends_on": null,
    "max_length": 0,
    "max_value": 0,
    "options": "Open\nWorking\nPending Review\nOverdue\nClosed\nCancelled",
    "parent": "tasks",
    "parentfield": "web_form_fields",
    "parenttype": "Web Form",
    "precision": null,
    "read_only": 0,
    "read_only_depends_on": null,
    "reqd": 0,
    "show_in_filter": 0
   },
   {
    "allow_read_on_all_link_options": 0,
    "default": null,
    "depends_on": null,
    "description": null,
    "fieldname": "description",
    "fieldtype": "Text Editor",
    "hidden": 0,
    "label": "Details",
    "mandatory_depends_on": null,
    "max_length": 0,
    "max_value": 0,
    "options": null,
    "parent": "tasks",
    "parentfield": "web_form_fields",
    "parenttype": "Web Form",
    "precision": null,
    "read_only": 0,
    "read_only_depends_on": null,
    "reqd": 0,
    "show_in_filter": 0
   },
   {
    "allow_read_on_all_link_options": 0,
    "default": null,
    "depends_on": null,
    "description": null,
    "fieldname": "priority",
    "fieldtype": "Select",
    "hidden": 0,
    "label": "Priority",
    "mandatory_depends_on": null,
    "max_length": 0,
    "max_value": 0,
    "options": "Low\nMedium\nHigh\nUrgent",
    "parent": "tasks",
    "parentfield": "web_form_fields",
    "parenttype": "Web Form",
    "precision": null,
    "read_only": 0,
    "read_only_depends_on": null,
    "reqd": 0,
    "show_in_filter": 0
   },
   {
    "allow_read_on_all_link_options": 0,
    "default": null,
    "depends_on": null,
    "description": null,
    "fieldname": "exp_start_date",
    "fieldtype": "Date",
    "hidden": 0,
    "label": "Expected Start Date",
    "mandatory_depends_on": null,
    "max_length": 0,
    "max_value": 0,
    "options": null,
    "parent": "tasks",
    "parentfield": "web_form_fields",
    "parenttype": "Web Form",
    "precision": null,
    "read_only": 0,
    "read_only_depends_on": null,
    "reqd": 0,
    "show_in_filter": 0
   },
   {
    "allow_read_on_all_link_options": 0,
    "default": null,
    "depends_on": null,
    "description": null,
    "fieldname": "exp_end_date",
    "fieldtype": "Date",
    "hidden": 0,
    "label": "Expected End Date",
    "mandatory_depends_on": null,
    "max_length": 0,
    "max_value": 0,
    "options": null,
    "parent": "tasks",
    "parentfield": "web_form_fields",
    "parenttype": "Web Form",
    "precision": null,
    "read_only": 0,
    "read_only_depends_on": null,
    "reqd": 0,
    "show_in_filter": 0
   }
  ],
  "website_sidebar": null
 },
 {
  "accept_payment": 0,
  "allow_comments": 1,
  "allow_delete": 1,
  "allow_edit": 1,
  "allow_incomplete": 0,
  "allow_multiple": 1,
  "allow_print": 0,
  "allowed_embedding_domains": null,
  "amount": 0.0,
  "amount_based_on_field": 0,
  "amount_field": null,
  "anonymous": 0,
  "apply_document_permissions": 0,
  "banner_image": null,
  "breadcrumbs": "[{\"label\":_(\"Issues\"), \"route\":\"issues\"}]",
  "button_label": null,
  "client_script": null,
  "condition_json": "[]",
  "currency": null,
  "custom_css": null,
  "doc_type": "Issue",
  "docstatus": 0,
  "doctype": "Web Form",
  "introduction_text": "",
  "is_standard": 1,
  "list_columns": [],
  "list_title": null,
  "login_required": 1,
  "max_attachment_size": 0,
  "meta_description": null,
  "meta_image": null,
  "meta_title": null,
  "modified": "2024-03-27 16:16:03.621730",
  "module": "Support",
  "name": "issues",
  "payment_button_help": null,
  "payment_button_label": null,
  "payment_gateway": null,
  "print_format": null,
  "published": 1,
  "route": "issues",
  "show_attachments": 0,
  "show_list": 1,
  "show_sidebar": 1,
  "success_message": "",
  "success_title": null,
  "success_url": "/issues",
  "title": "Issue",
  "web_form_fields": [
   {
    "allow_read_on_all_link_options": 0,
    "default": null,
    "depends_on": null,
    "description": null,
    "fieldname": "subject",
    "fieldtype": "Data",
    "hidden": 0,
    "label": "Subject",
    "mandatory_depends_on": null,
    "max_length": 0,
    "max_value": 0,
    "options": null,
    "parent": "issues",
    "parentfield": "web_form_fields",
    "parenttype": "Web Form",
    "precision": null,
    "read_only": 0,
    "read_only_depends_on": null,
    "reqd": 1,
    "show_in_filter": 0
   },
   {
    "allow_read_on_all_link_options": 0,
    "default": "Open",
    "depends_on": null,
    "description": null,
    "fieldname": "status",
    "fieldtype": "Select",
    "hidden": 0,
    "label": "Status",
    "mandatory_depends_on": null,
    "max_length": 0,
    "max_value": 0,
    "options": "Open\nReplied\nOn Hold\nClosed",
    "parent": "issues",
    "parentfield": "web_form_fields",
    "parenttype": "Web Form",
    "precision": null,
    "read_only": 1,
    "read_only_depends_on": null,
    "reqd": 0,
    "show_in_filter": 1
   },
   {
    "allow_read_on_all_link_options": 0,
    "default": null,
    "depends_on": null,
    "description": null,
    "fieldname": "customer",
    "fieldtype": "Data",
    "hidden": 0,
    "label": "Customer",
    "mandatory_depends_on": null,
    "max_length": 0,
    "max_value": 0,
    "options": "Customer",
    "parent": "issues",
    "parentfield": "web_form_fields",
    "parenttype": "Web Form",
    "precision": null,
    "read_only": 1,
    "read_only_depends_on": null,
    "reqd": 0,
    "show_in_filter": 0
   },
   {
    "allow_read_on_all_link_options": 0,
    "default": null,
    "depends_on": null,
    "description": null,
    "fieldname": "description",
    "fieldtype": "Text Editor",
    "hidden": 0,
    "label": "Description",
    "mandatory_depends_on": null,
    "max_length": 0,
    "max_value": 0,
    "options": null,
    "parent": "issues",
    "parentfield": "web_form_fields",
    "parenttype": "Web Form",
    "precision": null,
    "read_only": 0,
    "read_only_depends_on": null,
    "reqd": 0,
    "show_in_filter": 0
   },
   {
    "allow_read_on_all_link_options": 0,
    "default": null,
    "depends_on": null,
    "description": null,
    "fieldname": "attachment",
    "fieldtype": "Attach",
    "hidden": 0,
    "label": "Attachment",
    "mandatory_depends_on": null,
    "max_length": 0,
    "max_value": 0,
    "options": null,
    "parent": "issues",
    "parentfield": "web_form_fields",
    "parenttype": "Web Form",
    "precision": null,
    "read_only": 0,
    "read_only_depends_on": null,
    "reqd": 0,
    "show_in_filter": 0
   },
   {
    "allow_read_on_all_link_options": 0,
    "default": "Medium",
    "depends_on": null,
    "description": null,
    "fieldname": "priority",
    "fieldtype": "Link",
    "hidden": 0,
    "label": "Priority",
    "mandatory_depends_on": null,
    "max_length": 0,
    "max_value": 0,
    "options": "Issue Priority",
    "parent": "issues",
    "parentfield": "web_form_fields",
    "parenttype": "Web Form",
    "precision": null,
    "read_only": 0,
    "read_only_depends_on": null,
    "reqd": 1,
    "show_in_filter": 0
   },
   {
    "allow_read_on_all_link_options": 0,
    "default": "1",
    "depends_on": null,
    "description": null,
    "fieldname": "via_customer_portal",
    "fieldtype": "Check",
    "hidden": 1,
    "label": "Via Customer Portal",
    "mandatory_depends_on": null,
    "max_length": 0,
    "max_value": 0,
    "options": null,
    "parent": "issues",
    "parentfield": "web_form_fields",
    "parenttype": "Web Form",
    "precision": null,
    "read_only": 1,
    "read_only_depends_on": null,
    "reqd": 0,
    "show_in_filter": 0
   }
  ],
  "website_sidebar": null
 },
 {
  "accept_payment": 0,
  "allow_comments": 0,
  "allow_delete": 0,
  "allow_edit": 1,
  "allow_incomplete": 0,
  "allow_multiple": 1,
  "allow_print": 0,
  "allowed_embedding_domains": null,
  "amount": 0.0,
  "amount_based_on_field": 0,
  "amount_field": null,
  "anonymous": 0,
  "apply_document_permissions": 1,
  "banner_image": null,
  "breadcrumbs": null,
  "button_label": null,
  "client_script": null,
  "condition_json": "[]",
  "currency": null,
  "custom_css": null,
  "doc_type": "Address",
  "docstatus": 0,
  "doctype": "Web Form",
  "introduction_text": null,
  "is_standard": 1,
  "list_columns": [],
  "list_title": "",
  "login_required": 1,
  "max_attachment_size": 0,
  "meta_description": null,
  "meta_image": null,
  "meta_title": null,
  "modified": "2024-01-24 10:28:35.026064",
  "module": "Utilities",
  "name": "addresses",
  "payment_button_help": null,
  "payment_button_label": null,
  "payment_gateway": null,
  "print_format": null,
  "published": 1,
  "route": "address",
  "show_attachments": 0,
  "show_list": 1,
  "show_sidebar": 0,
  "success_message": null,
  "success_title": null,
  "success_url": "/addresses",
  "title": "Address",
  "web_form_fields": [
   {
    "allow_read_on_all_link_options": 0,
    "default": null,
    "depends_on": null,
    "description": "",
    "fieldname": "address_title",
    "fieldtype": "Data",
    "hidden": 0,
    "label": "Address Title",
    "mandatory_depends_on": null,
    "max_length": 0,
    "max_value": 0,
    "options": null,
    "parent": "addresses",
    "parentfield": "web_form_fields",
    "parenttype": "Web Form",
    "precision": null,
    "read_only": 0,
    "read_only_depends_on": null,
    "reqd": 0,
    "show_in_filter": 0
   },
   {
    "allow_read_on_all_link_options": 0,
    "default": null,
    "depends_on": null,
    "description": null,
    "fieldname": "address_type",
    "fieldtype": "Select",
    "hidden": 0,
    "label": "Address Type",
    "mandatory_depends_on": null,
    "max_length": 0,
    "max_value": 0,
    "options": "Billing\nShipping\nOffice\nPersonal\nPlant\nPostal\nShop\nSubsidiary\nWarehouse\nOther",
    "parent": "addresses",
    "parentfield": "web_form_fields",
    "parenttype": "Web Form",
    "precision": null,
    "read_only": 0,
    "read_only_depends_on": null,
    "reqd": 1,
    "show_in_filter": 0
   },
   {
    "allow_read_on_all_link_options": 0,
    "default": null,
    "depends_on": null,
    "description": null,
    "fieldname": "address_line1",
    "fieldtype": "Data",
    "hidden": 0,
    "label": "Address Line 1",
    "mandatory_depends_on": null,
    "max_length": 0,
    "max_value": 0,
    "options": null,
    "parent": "addresses",
    "parentfield": "web_form_fields",
    "parenttype": "Web Form",
    "precision": null,
    "read_only": 0,
    "read_only_depends_on": null,
    "reqd": 1,
    "show_in_filter": 0
   },
   {
    "allow_read_on_all_link_options": 0,
    "default": null,
    "depends_on": null,
    "description": null,
    "fieldname": "address_line2",
    "fieldtype": "Data",
    "hidden": 0,
    "label": "Address Line 2",
    "mandatory_depends_on": null,
    "max_length": 0,
    "max_value": 0,
    "options": null,
    "parent": "addresses",
    "parentfield": "web_form_fields",
    "parenttype": "Web Form",
    "precision": null,
    "read_only": 0,
    "read_only_depends_on": null,
    "reqd": 0,
    "show_in_filter": 0
   },
   {
    "allow_read_on_all_link_options": 0,
    "default": null,
    "depends_on": null,
    "description": null,
    "fieldname": "pincode",
    "fieldtype": "Data",
    "hidden": 0,
    "label": "Postal Code",
    "mandatory_depends_on": null,
    "max_length": 0,
    "max_value": 0,
    "options": null,
    "parent": "addresses",
    "parentfield": "web_form_fields",
    "parenttype": "Web Form",
    "precision": null,
    "read_only": 0,
    "read_only_depends_on": null,
    "reqd": 0,
    "show_in_filter": 0
   },
   {
    "allow_read_on_all_link_options": 0,
    "default": null,
    "depends_on": null,
    "description": null,
    "fieldname": "city",
    "fieldtype": "Data",
    "hidden": 0,
    "label": "City/Town",
    "mandatory_depends_on": null,
    "max_length": 0,
    "max_value": 0,
    "options": null,
    "parent": "addresses",
    "parentfield": "web_form_fields",
    "parenttype": "Web Form",
    "precision": null,
    "read_only": 0,
    "read_only_depends_on": null,
    "reqd": 1,
    "show_in_filter": 0
   },
   {
    "allow_read_on_all_link_options": 0,
    "default": null,
    "depends_on": null,
    "description": null,
    "fieldname": "state",
    "fieldtype": "Data",
    "hidden": 0,
    "label": "State",
    "mandatory_depends_on": null,
    "max_length": 0,
    "max_value": 0,
    "options": null,
    "parent": "addresses",
    "parentfield": "web_form_fields",
    "parenttype": "Web Form",
    "precision": null,
    "read_only": 0,
    "read_only_depends_on": null,
    "reqd": 0,
    "show_in_filter": 0
   },
   {
    "allow_read_on_all_link_options": 1,
    "default": null,
    "depends_on": null,
    "description": null,
    "fieldname": "country",
    "fieldtype": "Link",
    "hidden": 0,
    "label": "Country",
    "mandatory_depends_on": null,
    "max_length": 0,
    "max_value": 0,
    "options": "Country",
    "parent": "addresses",
    "parentfield": "web_form_fields",
    "parenttype": "Web Form",
    "precision": null,
    "read_only": 0,
    "read_only_depends_on": null,
    "reqd": 1,
    "show_in_filter": 0
   },
   {
    "allow_read_on_all_link_options": 0,
    "default": null,
    "depends_on": null,
    "description": null,
    "fieldname": null,
    "fieldtype": "Column Break",
    "hidden": 0,
    "label": null,
    "mandatory_depends_on": null,
    "max_length": 0,
    "max_value": 0,
    "options": null,
    "parent": "addresses",
    "parentfield": "web_form_fields",
    "parenttype": "Web Form",
    "precision": null,
    "read_only": 0,
    "read_only_depends_on": null,
    "reqd": 0,
    "show_in_filter": 0
   },
   {
    "allow_read_on_all_link_options": 0,
    "default": null,
    "depends_on": null,
    "description": null,
    "fieldname": "email_id",
    "fieldtype": "Data",
    "hidden": 0,
    "label": "Email Address",
    "mandatory_depends_on": null,
    "max_length": 0,
    "max_value": 0,
    "options": null,
    "parent": "addresses",
    "parentfield": "web_form_fields",
    "parenttype": "Web Form",
    "precision": null,
    "read_only": 0,
    "read_only_depends_on": null,
    "reqd": 0,
    "show_in_filter": 0
   },
   {
    "allow_read_on_all_link_options": 0,
    "default": null,
    "depends_on": null,
    "description": null,
    "fieldname": "phone",
    "fieldtype": "Data",
    "hidden": 0,
    "label": "Phone",
    "mandatory_depends_on": null,
    "max_length": 0,
    "max_value": 0,
    "options": null,
    "parent": "addresses",
    "parentfield": "web_form_fields",
    "parenttype": "Web Form",
    "precision": null,
    "read_only": 0,
    "read_only_depends_on": null,
    "reqd": 1,
    "show_in_filter": 0
   },
   {
    "allow_read_on_all_link_options": 0,
    "default": "0",
    "depends_on": null,
    "description": "",
    "fieldname": "is_primary_address",
    "fieldtype": "Check",
    "hidden": 0,
    "label": "Preferred Billing Address",
    "mandatory_depends_on": null,
    "max_length": 0,
    "max_value": 0,
    "options": null,
    "parent": "addresses",
    "parentfield": "web_form_fields",
    "parenttype": "Web Form",
    "precision": null,
    "read_only": 0,
    "read_only_depends_on": null,
    "reqd": 0,
    "show_in_filter": 0
   },
   {
    "allow_read_on_all_link_options": 0,
    "default": "0",
    "depends_on": null,
    "description": "",
    "fieldname": "is_shipping_address",
    "fieldtype": "Check",
    "hidden": 0,
    "label": "Preferred Shipping Address",
    "mandatory_depends_on": null,
    "max_length": 0,
    "max_value": 0,
    "options": null,
    "parent": "addresses",
    "parentfield": "web_form_fields",
    "parenttype": "Web Form",
    "precision": null,
    "read_only": 0,
    "read_only_depends_on": null,
    "reqd": 0,
    "show_in_filter": 0
   }
  ],
  "website_sidebar": null
 },
 {
  "accept_payment": 0,
  "allow_comments": 0,
  "allow_delete": 0,
  "allow_edit": 1,
  "allow_incomplete": 0,
  "allow_multiple": 0,
  "allow_print": 0,
  "allowed_embedding_domains": null,
  "amount": 0.0,
  "amount_based_on_field": 0,
  "amount_field": null,
  "anonymous": 0,
  "apply_document_permissions": 0,
  "banner_image": null,
  "breadcrumbs": "[{\"title\": _(\"My Account\"), \"route\": \"me\"}]",
  "button_label": null,
  "client_script": "frappe.web_form.after_load = () => {\n    if (window.location.pathname.endsWith(\"/new\") && frappe.session.user) {\n        let current_path = window.location.href;\n        window.location.href = current_path.replace(\"/new\", \"/\" + frappe.session.user);\n    }\n}",
  "condition_json": null,
  "currency": null,
  "custom_css": null,
  "doc_type": "User",
  "docstatus": 0,
  "doctype": "Web Form",
  "introduction_text": "",
  "is_standard": 1,
  "list_columns": [],
  "list_title": null,
  "login_required": 1,
  "max_attachment_size": 0,
  "meta_description": null,
  "meta_image": null,
  "meta_title": null,
  "modified": "2023-01-18 10:26:26.766414",
  "module": "Core",
  "name": "edit-profile",
  "payment_button_help": null,
  "payment_button_label": "Buy Now",
  "payment_gateway": null,
  "print_format": null,
  "published": 1,
  "route": "update-profile",
  "show_attachments": 0,
  "show_list": 0,
  "show_sidebar": 0,
  "success_message": "Profile updated successfully.",
  "success_title": null,
  "success_url": "/me",
  "title": "Update Profile",
  "web_form_fields": [
   {
    "allow_read_on_all_link_options": 0,
    "default": null,
    "depends_on": null,
    "description": null,
    "fieldname": "first_name",
    "fieldtype": "Data",
    "hidden": 0,
    "label": "First Name",
    "mandatory_depends_on": null,
    "max_length": 0,
    "max_value": 0,
    "options": null,
    "parent": "edit-profile",
    "parentfield": "web_form_fields",
    "parenttype": "Web Form",
    "precision": null,
    "read_only": 0,
    "read_only_depends_on": null,
    "reqd": 1,
    "show_in_filter": 0
   },
   {
    "allow_read_on_all_link_options": 0,
    "default": null,
    "depends_on": null,
    "description": null,
    "fieldname": "middle_name",
    "fieldtype": "Data",
    "hidden": 0,
    "label": "Middle Name (Optional)",
    "mandatory_depends_on": null,
    "max_length": 0,
    "max_value": 0,
    "options": null,
    "parent": "edit-profile",
    "parentfield": "web_form_fields",
    "parenttype": "Web Form",
    "precision": null,
    "read_only": 0,
    "read_only_depends_on": null,
    "reqd": 0,
    "show_in_filter": 0
   },
   {
    "allow_read_on_all_link_options": 0,
    "default": null,
    "depends_on": null,
    "description": null,
    "fieldname": "last_name",
    "fieldtype": "Data",
    "hidden": 0,
    "label": "Last Name",
    "mandatory_depends_on": null,
    "max_length": 0,
    "max_value": 0,
    "options": null,
    "parent": "edit-profile",
    "parentfield": "web_form_fields",
    "parenttype": "Web Form",
    "precision": null,
    "read_only": 0,
    "read_only_depends_on": null,
    "reqd": 0,
    "show_in_filter": 0
   },
   {
    "allow_read_on_all_link_options": 0,
    "default": null,
    "depends_on": null,
    "description": null,
    "fieldname": "",
    "fieldtype": "Column Break",
    "hidden": 0,
    "label": null,
    "mandatory_depends_on": null,
    "max_length": 0,
    "max_value": 0,
    "options": null,
    "parent": "edit-profile",
    "parentfield": "web_form_fields",
    "parenttype": "Web Form",
    "precision": null,
    "read_only": 0,
    "read_only_depends_on": null,
    "reqd": 0,
    "show_in_filter": 0
   },
   {
    "allow_read_on_all_link_options": 0,
    "default": null,
    "depends_on": null,
    "description": "",
    "fieldname": "user_image",
    "fieldtype": "Attach Image",
    "hidden": 0,
    "label": "Profile Picture",
    "mandatory_depends_on": null,
    "max_length": 0,
    "max_value": 0,
    "options": null,
    "parent": "edit-profile",
    "parentfield": "web_form_fields",
    "parenttype": "Web Form",
    "precision": null,
    "read_only": 0,
    "read_only_depends_on": null,
    "reqd": 0,
    "show_in_filter": 0
   },
   {
    "allow_read_on_all_link_options": 0,
    "default": null,
    "depends_on": null,
    "description": null,
    "fieldname": null,
    "fieldtype": "Section Break",
    "hidden": 0,
    "label": "More Information",
    "mandatory_depends_on": null,
    "max_length": 0,
    "max_value": 0,
    "options": null,
    "parent": "edit-profile",
    "parentfield": "web_form_fields",
    "parenttype": "Web Form",
    "precision": null,
    "read_only": 0,
    "read_only_depends_on": null,
    "reqd": 0,
    "show_in_filter": 0
   },
   {
    "allow_read_on_all_link_options": 0,
    "default": null,
    "depends_on": null,
    "description": null,
    "fieldname": "phone",
    "fieldtype": "Data",
    "hidden": 0,
    "label": "Phone",
    "mandatory_depends_on": null,
    "max_length": 0,
    "max_value": 0,
    "options": null,
    "parent": "edit-profile",
    "parentfield": "web_form_fields",
    "parenttype": "Web Form",
    "precision": null,
    "read_only": 0,
    "read_only_depends_on": null,
    "reqd": 0,
    "show_in_filter": 0
   },
   {
    "allow_read_on_all_link_options": 0,
    "default": null,
    "depends_on": null,
    "description": null,
    "fieldname": "mobile_no",
    "fieldtype": "Data",
    "hidden": 0,
    "label": "Mobile Number",
    "mandatory_depends_on": null,
    "max_length": 0,
    "max_value": 0,
    "options": null,
    "parent": "edit-profile",
    "parentfield": "web_form_fields",
    "parenttype": "Web Form",
    "precision": null,
    "read_only": 0,
    "read_only_depends_on": null,
    "reqd": 0,
    "show_in_filter": 0
   },
   {
    "allow_read_on_all_link_options": 0,
    "default": null,
    "depends_on": null,
    "description": null,
    "fieldname": "",
    "fieldtype": "Column Break",
    "hidden": 0,
    "label": null,
    "mandatory_depends_on": null,
    "max_length": 0,
    "max_value": 0,
    "options": null,
    "parent": "edit-profile",
    "parentfield": "web_form_fields",
    "parenttype": "Web Form",
    "precision": null,
    "read_only": 0,
    "read_only_depends_on": null,
    "reqd": 0,
    "show_in_filter": 0
   },
   {
    "allow_read_on_all_link_options": 0,
    "default": null,
    "depends_on": null,
    "description": "",
    "fieldname": "language",
    "fieldtype": "Link",
    "hidden": 0,
    "label": "Language",
    "mandatory_depends_on": null,
    "max_length": 0,
    "max_value": 0,
    "options": "Language",
    "parent": "edit-profile",
    "parentfield": "web_form_fields",
    "parenttype": "Web Form",
    "precision": null,
    "read_only": 0,
    "read_only_depends_on": null,
    "reqd": 0,
    "show_in_filter": 0
   }
  ],
  "website_sidebar": null
 },
 {
  "accept_payment": 0,
  "allow_comments": 1,
  "allow_delete": 0,
  "allow_edit": 1,
  "allow_incomplete": 0,
  "allow_multiple": 1,
  "allow_print": 1,
  "allowed_embedding_domains": null,
  "amount": 0.0,
  "amount_based_on_field": 0,
  "amount_field": null,
  "anonymous": 0,
  "apply_document_permissions": 0,
  "banner_image": null,
  "breadcrumbs": null,
  "button_label": null,
  "client_script": null,
  "condition_json": null,
  "currency": "INR",
  "custom_css": null,
  "doc_type": "Lab Test",
  "docstatus": 0,
  "doctype": "Web Form",
  "introduction_text": "Lab Test",
  "is_standard": 1,
  "list_columns": [],
  "list_title": null,
  "login_required": 1,
  "max_attachment_size": 0,
  "meta_description": null,
  "meta_image": null,
  "meta_title": null,
  "modified": "2020-06-22 12:59:49.126398",
  "module": "Healthcare",
  "name": "lab-test",
  "payment_button_help": null,
  "payment_button_label": "Buy Now",
  "payment_gateway": null,
  "print_format": "Lab Test Print",
  "published": 1,
  "route": "lab-test",
  "show_attachments": 0,
  "show_list": 0,
  "show_sidebar": 1,
  "success_message": null,
  "success_title": null,
  "success_url": "/lab-test",
  "title": "Lab Test",
  "web_form_fields": [
   {
    "allow_read_on_all_link_options": 0,
    "default": null,
    "depends_on": null,
    "description": null,
    "fieldname": "lab_test_name",
    "fieldtype": "Data",
    "hidden": 0,
    "label": "Test Name",
    "mandatory_depends_on": null,
    "max_length": 0,
    "max_value": 0,
    "options": null,
    "parent": "lab-test",
    "parentfield": "web_form_fields",
    "parenttype": "Web Form",
    "precision": null,
    "read_only": 1,
    "read_only_depends_on": null,
    "reqd": 0,
    "show_in_filter": 0
   },
   {
    "allow_read_on_all_link_options": 0,
    "default": null,
    "depends_on": null,
    "description": null,
    "fieldname": "department",
    "fieldtype": "Link",
    "hidden": 0,
    "label": "Department",
    "mandatory_depends_on": null,
    "max_length": 0,
    "max_value": 0,
    "options": "Medical Department",
    "parent": "lab-test",
    "parentfield": "web_form_fields",
    "parenttype": "Web Form",
    "precision": null,
    "read_only": 1,
    "read_only_depends_on": null,
    "reqd": 0,
    "show_in_filter": 0
   },
   {
    "allow_read_on_all_link_options": 0,
    "default": null,
    "depends_on": null,
    "description": null,
    "fieldname": "column_break_26",
    "fieldtype": "Column Break",
    "hidden": 0,
    "label": null,
    "mandatory_depends_on": null,
    "max_length": 0,
    "max_value": 0,
    "options": null,
    "parent": "lab-test",
    "parentfield": "web_form_fields",
    "parenttype": "Web Form",
    "precision": null,
    "read_only": 0,
    "read_only_depends_on": null,
    "reqd": 0,
    "show_in_filter": 0
   },
   {
    "allow_read_on_all_link_options": 0,
    "default": null,
    "depends_on": null,
    "description": null,
    "fieldname": "company",
    "fieldtype": "Link",
    "hidden": 0,
    "label": "Company",
    "mandatory_depends_on": null,
    "max_length": 0,
    "max_value": 0,
    "options": "Company",
    "parent": "lab-test",
    "parentfield": "web_form_fields",
    "parenttype": "Web Form",
    "precision": null,
    "read_only": 0,
    "read_only_depends_on": null,
    "reqd": 0,
    "show_in_filter": 0
   },
   {
    "allow_read_on_all_link_options": 0,
    "default": null,
    "depends_on": null,
    "description": null,
    "fieldname": "status",
    "fieldtype": "Select",
    "hidden": 0,
    "label": "Status",
    "mandatory_depends_on": null,
    "max_length": 0,
    "max_value": 0,
    "options": "Draft\nCompleted\nApproved\nRejected\nCancelled",
    "parent": "lab-test",
    "parentfield": "web_form_fields",
    "parenttype": "Web Form",
    "precision": null,
    "read_only": 1,
    "read_only_depends_on": null,
    "reqd": 0,
    "show_in_filter": 0
   },
   {
    "allow_read_on_all_link_options": 0,
    "default": null,
    "depends_on": null,
    "description": null,
    "fieldname": "submitted_date",
    "fieldtype": "Datetime",
    "hidden": 0,
    "label": "Submitted Date",
    "mandatory_depends_on": null,
    "max_length": 0,
    "max_value": 0,
    "options": null,
    "parent": "lab-test",
    "parentfield": "web_form_fields",
    "parenttype": "Web Form",
    "precision": null,
    "read_only": 0,
    "read_only_depends_on": null,
    "reqd": 0,
    "show_in_filter": 0
   },
   {
    "allow_read_on_all_link_options": 0,
    "default": null,
    "depends_on": null,
    "description": null,
    "fieldname": "sb_first",
    "fieldtype": "Section Break",
    "hidden": 0,
    "label": null,
    "mandatory_depends_on": null,
    "max_length": 0,
    "max_value": 0,
    "options": null,
    "parent": "lab-test",
    "parentfield": "web_form_fields",
    "parenttype": "Web Form",
    "precision": null,
    "read_only": 0,
    "read_only_depends_on": null,
    "reqd": 0,
    "show_in_filter": 0
   },
   {
    "allow_read_on_all_link_options": 0,
    "default": null,
    "depends_on": null,
    "description": null,
    "fieldname": "patient",
    "fieldtype": "Link",
    "hidden": 0,
    "label": "Patient",
    "mandatory_depends_on": null,
    "max_length": 0,
    "max_value": 0,
    "options": "Patient",
    "parent": "lab-test",
    "parentfield": "web_form_fields",
    "parenttype": "Web Form",
    "precision": null,
    "read_only": 0,
    "read_only_depends_on": null,
    "reqd": 1,
    "show_in_filter": 0
   },
   {
    "allow_read_on_all_link_options": 0,
    "default": null,
    "depends_on": null,
    "description": null,
    "fieldname": "patient_name",
    "fieldtype": "Data",
    "hidden": 0,
    "label": "Patient Name",
    "mandatory_depends_on": null,
    "max_length": 0,
    "max_value": 0,
    "options": null,
    "parent": "lab-test",
    "parentfield": "web_form_fields",
    "parenttype": "Web Form",
    "precision": null,
    "read_only": 1,
    "read_only_depends_on": null,
    "reqd": 0,
    "show_in_filter": 0
   },
   {
    "allow_read_on_all_link_options": 0,
    "default": null,
    "depends_on": null,
    "description": null,
    "fieldname": "patient_age",
    "fieldtype": "Data",
    "hidden": 0,
    "label": "Age",
    "mandatory_depends_on": null,
    "max_length": 0,
    "max_value": 0,
    "options": null,
    "parent": "lab-test",
    "parentfield": "web_form_fields",
    "parenttype": "Web Form",
    "precision": null,
    "read_only": 1,
    "read_only_depends_on": null,
    "reqd": 0,
    "show_in_filter": 0
   },
   {
    "allow_read_on_all_link_options": 0,
    "default": null,
    "depends_on": null,
    "description": null,
    "fieldname": "patient_sex",
    "fieldtype": "Link",
    "hidden": 0,
    "label": "Gender",
    "mandatory_depends_on": null,
    "max_length": 0,
    "max_value": 0,
    "options": "Gender",
    "parent": "lab-test",
    "parentfield": "web_form_fields",
    "parenttype": "Web Form",
    "precision": null,
    "read_only": 0,
    "read_only_depends_on": null,
    "reqd": 1,
    "show_in_filter": 0
   },
   {
    "allow_read_on_all_link_options": 0,
    "default": null,
    "depends_on": null,
    "description": null,
    "fieldname": "inpatient_record",
    "fieldtype": "Link",
    "hidden": 0,
    "label": "Inpatient Record",
    "mandatory_depends_on": null,
    "max_length": 0,
    "max_value": 0,
    "options": "Inpatient Record",
    "parent": "lab-test",
    "parentfield": "web_form_fields",
    "parenttype": "Web Form",
    "precision": null,
    "read_only": 1,
    "read_only_depends_on": null,
    "reqd": 0,
    "show_in_filter": 0
   },
   {
    "allow_read_on_all_link_options": 0,
    "default": null,
    "depends_on": null,
    "description": null,
    "fieldname": "report_preference",
    "fieldtype": "Data",
    "hidden": 0,
    "label": "Report Preference",
    "mandatory_depends_on": null,
    "max_length": 0,
    "max_value": 0,
    "options": null,
    "parent": "lab-test",
    "parentfield": "web_form_fields",
    "parenttype": "Web Form",
    "precision": null,
    "read_only": 1,
    "read_only_depends_on": null,
    "reqd": 0,
    "show_in_filter": 0
   },
   {
    "allow_read_on_all_link_options": 0,
    "default": null,
    "depends_on": null,
    "description": null,
    "fieldname": "email",
    "fieldtype": "Data",
    "hidden": 1,
    "label": "Email",
    "mandatory_depends_on": null,
    "max_length": 0,
    "max_value": 0,
    "options": null,
    "parent": "lab-test",
    "parentfield": "web_form_fields",
    "parenttype": "Web Form",
    "precision": null,
    "read_only": 1,
    "read_only_depends_on": null,
    "reqd": 0,
    "show_in_filter": 0
   },
   {
    "allow_read_on_all_link_options": 0,
    "default": null,
    "depends_on": null,
    "description": null,
    "fieldname": "mobile",
    "fieldtype": "Data",
    "hidden": 1,
    "label": "Mobile",
    "mandatory_depends_on": null,
    "max_length": 0,
    "max_value": 0,
    "options": null,
    "parent": "lab-test",
    "parentfield": "web_form_fields",
    "parenttype": "Web Form",
    "precision": null,
    "read_only": 1,
    "read_only_depends_on": null,
    "reqd": 0,
    "show_in_filter": 0
   },
   {
    "allow_read_on_all_link_options": 0,
    "default": null,
    "depends_on": null,
    "description": null,
    "fieldname": "c_b",
    "fieldtype": "Column Break",
    "hidden": 0,
    "label": null,
    "mandatory_depends_on": null,
    "max_length": 0,
    "max_value": 0,
    "options": null,
    "parent": "lab-test",
    "parentfield": "web_form_fields",
    "parenttype": "Web Form",
    "precision": null,
    "read_only": 0,
    "read_only_depends_on": null,
    "reqd": 0,
    "show_in_filter": 0
   },
   {
    "allow_read_on_all_link_options": 0,
    "default": null,
    "depends_on": null,
    "description": null,
    "fieldname": "practitioner",
    "fieldtype": "Link",
    "hidden": 0,
    "label": "Requesting Practitioner",
    "mandatory_depends_on": null,
    "max_length": 0,
    "max_value": 0,
    "options": "Healthcare Practitioner",
    "parent": "lab-test",
    "parentfield": "web_form_fields",
    "parenttype": "Web Form",
    "precision": null,
    "read_only": 0,
    "read_only_depends_on": null,
    "reqd": 0,
    "show_in_filter": 0
   },
   {
    "allow_read_on_all_link_options": 0,
    "default": null,
    "depends_on": null,
    "description": null,
    "fieldname": "practitioner_name",
    "fieldtype": "Data",
    "hidden": 0,
    "label": "Requesting Practitioner",
    "mandatory_depends_on": null,
    "max_length": 0,
    "max_value": 0,
    "options": null,
    "parent": "lab-test",
    "parentfield": "web_form_fields",
    "parenttype": "Web Form",
    "precision": null,
    "read_only": 1,
    "read_only_depends_on": null,
    "reqd": 0,
    "show_in_filter": 0
   },
   {
    "allow_read_on_all_link_options": 0,
    "default": null,
    "depends_on": null,
    "description": null,
    "fieldname": "requesting_department",
    "fieldtype": "Link",
    "hidden": 0,
    "label": "Requesting Department",
    "mandatory_depends_on": null,
    "max_length": 0,
    "max_value": 0,
    "options": "Medical Department",
    "parent": "lab-test",
    "parentfield": "web_form_fields",
    "parenttype": "Web Form",
    "precision": null,
    "read_only": 1,
    "read_only_depends_on": null,
    "reqd": 0,
    "show_in_filter": 0
   },
   {
    "allow_read_on_all_link_options": 0,
    "default": null,
    "depends_on": null,
    "description": null,
    "fieldname": "employee",
    "fieldtype": "Link",
    "hidden": 0,
    "label": "Employee (Lab Technician)",
    "mandatory_depends_on": null,
    "max_length": 0,
    "max_value": 0,
    "options": "Employee",
    "parent": "lab-test",
    "parentfield": "web_form_fields",
    "parenttype": "Web Form",
    "precision": null,
    "read_only": 0,
    "read_only_depends_on": null,
    "reqd": 0,
    "show_in_filter": 0
   },
   {
    "allow_read_on_all_link_options": 0,
    "default": null,
    "depends_on": null,
    "description": null,
    "fieldname": "employee_name",
    "fieldtype": "Data",
    "hidden": 0,
    "label": "Lab Technician Name",
    "mandatory_depends_on": null,
    "max_length": 0,
    "max_value": 0,
    "options": null,
    "parent": "lab-test",
    "parentfield": "web_form_fields",
    "parenttype": "Web Form",
    "precision": null,
    "read_only": 1,
    "read_only_depends_on": null,
    "reqd": 0,
    "show_in_filter": 0
   },
   {
    "allow_read_on_all_link_options": 0,
    "default": null,
    "depends_on": null,
    "description": null,
    "fieldname": "employee_designation",
    "fieldtype": "Data",
    "hidden": 0,
    "label": "Lab Technician Designation",
    "mandatory_depends_on": null,
    "max_length": 0,
    "max_value": 0,
    "options": null,
    "parent": "lab-test",
    "parentfield": "web_form_fields",
    "parenttype": "Web Form",
    "precision": null,
    "read_only": 1,
    "read_only_depends_on": null,
    "reqd": 0,
    "show_in_filter": 0
   },
   {
    "allow_read_on_all_link_options": 0,
    "default": null,
    "depends_on": null,
    "description": null,
    "fieldname": "sb_normal",
    "fieldtype": "Section Break",
    "hidden": 0,
    "label": null,
    "mandatory_depends_on": null,
    "max_length": 0,
    "max_value": 0,
    "options": null,
    "parent": "lab-test",
    "parentfield": "web_form_fields",
    "parenttype": "Web Form",
    "precision": null,
    "read_only": 0,
    "read_only_depends_on": null,
    "reqd": 0,
    "show_in_filter": 0
   },
   {
    "allow_read_on_all_link_options": 0,
    "default": null,
    "depends_on": null,
    "description": null,
    "fieldname": "lab_test_html",
    "fieldtype": "HTML",
    "hidden": 0,
    "label": null,
    "mandatory_depends_on": null,
    "max_length": 0,
    "max_value": 0,
    "options": null,
    "parent": "lab-test",
    "parentfield": "web_form_fields",
    "parenttype": "Web Form",
    "precision": null,
    "read_only": 0,
    "read_only_depends_on": null,
    "reqd": 0,
    "show_in_filter": 0
   },
   {
    "allow_read_on_all_link_options": 0,
    "default": null,
    "depends_on": null,
    "description": null,
    "fieldname": "normal_test_items",
    "fieldtype": "Table",
    "hidden": 0,
    "label": null,
    "mandatory_depends_on": null,
    "max_length": 0,
    "max_value": 0,
    "options": "Normal Test Result",
    "parent": "lab-test",
    "parentfield": "web_form_fields",
    "parenttype": "Web Form",
    "precision": null,
    "read_only": 0,
    "read_only_depends_on": null,
    "reqd": 0,
    "show_in_filter": 0
   },
   {
    "allow_read_on_all_link_options": 0,
    "default": null,
    "depends_on": null,
    "description": null,
    "fieldname": "sb_descriptive",
    "fieldtype": "Section Break",
    "hidden": 0,
    "label": null,
    "mandatory_depends_on": null,
    "max_length": 0,
    "max_value": 0,
    "options": null,
    "parent": "lab-test",
    "parentfield": "web_form_fields",
    "parenttype": "Web Form",
    "precision": null,
    "read_only": 0,
    "read_only_depends_on": null,
    "reqd": 0,
    "show_in_filter": 0
   },
   {
    "allow_read_on_all_link_options": 0,
    "default": null,
    "depends_on": null,
    "description": null,
    "fieldname": "descriptive_test_items",
    "fieldtype": "Table",
    "hidden": 0,
    "label": null,
    "mandatory_depends_on": null,
    "max_length": 0,
    "max_value": 0,
    "options": "Descriptive Test Result",
    "parent": "lab-test",
    "parentfield": "web_form_fields",
    "parenttype": "Web Form",
    "precision": null,
    "read_only": 0,
    "read_only_depends_on": null,
    "reqd": 0,
    "show_in_filter": 0
   },
   {
    "allow_read_on_all_link_options": 0,
    "default": null,
    "depends_on": "special_toggle",
    "description": null,
    "fieldname": "organisms_section",
    "fieldtype": "Section Break",
    "hidden": 0,
    "label": null,
    "mandatory_depends_on": null,
    "max_length": 0,
    "max_value": 0,
    "options": null,
    "parent": "lab-test",
    "parentfield": "web_form_fields",
    "parenttype": "Web Form",
    "precision": null,
    "read_only": 0,
    "read_only_depends_on": null,
    "reqd": 0,
    "show_in_filter": 0
   },
   {
    "allow_read_on_all_link_options": 0,
    "default": null,
    "depends_on": null,
    "description": null,
    "fieldname": "organisms",
    "fieldtype": "Table",
    "hidden": 0,
    "label": null,
    "mandatory_depends_on": null,
    "max_length": 0,
    "max_value": 0,
    "options": "Organism Test Result",
    "parent": "lab-test",
    "parentfield": "web_form_fields",
    "parenttype": "Web Form",
    "precision": null,
    "read_only": 0,
    "read_only_depends_on": null,
    "reqd": 0,
    "show_in_filter": 0
   },
   {
    "allow_read_on_all_link_options": 0,
    "default": null,
    "depends_on": null,
    "description": null,
    "fieldname": "sb_sensitivity",
    "fieldtype": "Section Break",
    "hidden": 0,
    "label": null,
    "mandatory_depends_on": null,
    "max_length": 0,
    "max_value": 0,
    "options": null,
    "parent": "lab-test",
    "parentfield": "web_form_fields",
    "parenttype": "Web Form",
    "precision": null,
    "read_only": 0,
    "read_only_depends_on": null,
    "reqd": 0,
    "show_in_filter": 0
   },
   {
    "allow_read_on_all_link_options": 0,
    "default": null,
    "depends_on": null,
    "description": null,
    "fieldname": "sensitivity_test_items",
    "fieldtype": "Table",
    "hidden": 0,
    "label": null,
    "mandatory_depends_on": null,
    "max_length": 0,
    "max_value": 0,
    "options": "Sensitivity Test Result",
    "parent": "lab-test",
    "parentfield": "web_form_fields",
    "parenttype": "Web Form",
    "precision": null,
    "read_only": 0,
    "read_only_depends_on": null,
    "reqd": 0,
    "show_in_filter": 0
   },
   {
    "allow_read_on_all_link_options": 0,
    "default": null,
    "depends_on": null,
    "description": null,
    "fieldname": "sb_comments",
    "fieldtype": "Section Break",
    "hidden": 0,
    "label": null,
    "mandatory_depends_on": null,
    "max_length": 0,
    "max_value": 0,
    "options": null,
    "parent": "lab-test",
    "parentfield": "web_form_fields",
    "parenttype": "Web Form",
    "precision": null,
    "read_only": 0,
    "read_only_depends_on": null,
    "reqd": 0,
    "show_in_filter": 0
   },
   {
    "allow_read_on_all_link_options": 0,
    "default": null,
    "depends_on": null,
    "description": null,
    "fieldname": "lab_test_comment",
    "fieldtype": "Text",
    "hidden": 0,
    "label": "Comments",
    "mandatory_depends_on": null,
    "max_length": 0,
    "max_value": 0,
    "options": null,
    "parent": "lab-test",
    "parentfield": "web_form_fields",
    "parenttype": "Web Form",
    "precision": null,
    "read_only": 0,
    "read_only_depends_on": null,
    "reqd": 0,
    "show_in_filter": 0
   },
   {
    "allow_read_on_all_link_options": 0,
    "default": null,
    "depends_on": null,
    "description": null,
    "fieldname": "sb_customresult",
    "fieldtype": "Section Break",
    "hidden": 0,
    "label": "Custom Result",
    "mandatory_depends_on": null,
    "max_length": 0,
    "max_value": 0,
    "options": null,
    "parent": "lab-test",
    "parentfield": "web_form_fields",
    "parenttype": "Web Form",
    "precision": null,
    "read_only": 0,
    "read_only_depends_on": null,
    "reqd": 0,
    "show_in_filter": 0
   },
   {
    "allow_read_on_all_link_options": 0,
    "default": null,
    "depends_on": null,
    "description": null,
    "fieldname": "custom_result",
    "fieldtype": "Text Editor",
    "hidden": 0,
    "label": "Custom Result",
    "mandatory_depends_on": null,
    "max_length": 0,
    "max_value": 0,
    "options": null,
    "parent": "lab-test",
    "parentfield": "web_form_fields",
    "parenttype": "Web Form",
    "precision": null,
    "read_only": 0,
    "read_only_depends_on": null,
    "reqd": 0,
    "show_in_filter": 0
   }
  ],
  "website_sidebar": null
 },
 {
  "accept_payment": 0,
  "allow_comments": 0,
  "allow_delete": 0,
  "allow_edit": 1,
  "allow_incomplete": 0,
  "allow_multiple": 1,
  "allow_print": 1,
  "allowed_embedding_domains": null,
  "amount": 0.0,
  "amount_based_on_field": 0,
  "amount_field": null,
  "anonymous": 0,
  "apply_document_permissions": 0,
  "banner_image": null,
  "breadcrumbs": null,
  "button_label": null,
  "client_script": null,
  "condition_json": null,
  "currency": "INR",
  "custom_css": null,
  "doc_type": "Patient Encounter",
  "docstatus": 0,
  "doctype": "Web Form",
  "introduction_text": "Patient Prescriptions",
  "is_standard": 1,
  "list_columns": [],
  "list_title": null,
  "login_required": 1,
  "max_attachment_size": 0,
  "meta_description": null,
  "meta_image": null,
  "meta_title": null,
  "modified": "2018-09-04 11:53:40.954517",
  "module": "Healthcare",
  "name": "prescription",
  "payment_button_help": null,
  "payment_button_label": "Buy Now",
  "payment_gateway": null,
  "print_format": "Encounter Print",
  "published": 1,
  "route": "prescription",
  "show_attachments": 0,
  "show_list": 0,
  "show_sidebar": 1,
  "success_message": null,
  "success_title": null,
  "success_url": "/prescription",
  "title": "Prescription",
  "web_form_fields": [
   {
    "allow_read_on_all_link_options": 0,
    "default": null,
    "depends_on": null,
    "description": null,
    "fieldname": "practitioner",
    "fieldtype": "Link",
    "hidden": 0,
    "label": "Healthcare Practitioner",
    "mandatory_depends_on": null,
    "max_length": 0,
    "max_value": 0,
    "options": "Healthcare Practitioner",
    "parent": "prescription",
    "parentfield": "web_form_fields",
    "parenttype": "Web Form",
    "precision": null,
    "read_only": 0,
    "read_only_depends_on": null,
    "reqd": 1,
    "show_in_filter": 0
   },
   {
    "allow_read_on_all_link_options": 0,
    "default": null,
    "depends_on": null,
    "description": null,
    "fieldname": "visit_department",
    "fieldtype": "Link",
    "hidden": 0,
    "label": "Department",
    "mandatory_depends_on": null,
    "max_length": 0,
    "max_value": 0,
    "options": "Medical Department",
    "parent": "prescription",
    "parentfield": "web_form_fields",
    "parenttype": "Web Form",
    "precision": null,
    "read_only": 0,
    "read_only_depends_on": null,
    "reqd": 0,
    "show_in_filter": 0
   },
   {
    "allow_read_on_all_link_options": 0,
    "default": "Today",
    "depends_on": null,
    "description": null,
    "fieldname": "encounter_date",
    "fieldtype": "Date",
    "hidden": 0,
    "label": "Encounter Date",
    "mandatory_depends_on": null,
    "max_length": 0,
    "max_value": 0,
    "options": null,
    "parent": "prescription",
    "parentfield": "web_form_fields",
    "parenttype": "Web Form",
    "precision": null,
    "read_only": 0,
    "read_only_depends_on": null,
    "reqd": 1,
    "show_in_filter": 0
   },
   {
    "allow_read_on_all_link_options": 0,
    "default": "",
    "depends_on": null,
    "description": null,
    "fieldname": "encounter_time",
    "fieldtype": "Data",
    "hidden": 0,
    "label": "Encounter Time",
    "mandatory_depends_on": null,
    "max_length": 0,
    "max_value": 0,
    "options": null,
    "parent": "prescription",
    "parentfield": "web_form_fields",
    "parenttype": "Web Form",
    "precision": null,
    "read_only": 0,
    "read_only_depends_on": null,
    "reqd": 1,
    "show_in_filter": 0
   },
   {
    "allow_read_on_all_link_options": 0,
    "default": null,
    "depends_on": null,
    "description": null,
    "fieldname": "drug_prescription",
    "fieldtype": "Table",
    "hidden": 0,
    "label": "Drug Prescription",
    "mandatory_depends_on": null,
    "max_length": 0,
    "max_value": 0,
    "options": "Drug Prescription",
    "parent": "prescription",
    "parentfield": "web_form_fields",
    "parenttype": "Web Form",
    "precision": null,
    "read_only": 0,
    "read_only_depends_on": null,
    "reqd": 0,
    "show_in_filter": 0
   },
   {
    "allow_read_on_all_link_options": 0,
    "default": null,
    "depends_on": null,
    "description": null,
    "fieldname": "lab_test_prescription",
    "fieldtype": "Table",
    "hidden": 0,
    "label": "Investigations",
    "mandatory_depends_on": null,
    "max_length": 0,
    "max_value": 0,
    "options": "Lab Prescription",
    "parent": "prescription",
    "parentfield": "web_form_fields",
    "parenttype": "Web Form",
    "precision": null,
    "read_only": 0,
    "read_only_depends_on": null,
    "reqd": 0,
    "show_in_filter": 0
   },
   {
    "allow_read_on_all_link_options": 0,
    "default": null,
    "depends_on": null,
    "description": null,
    "fieldname": "encounter_comment",
    "fieldtype": "Small Text",
    "hidden": 0,
    "label": "Review Details",
    "mandatory_depends_on": null,
    "max_length": 0,
    "max_value": 0,
    "options": null,
    "parent": "prescription",
    "parentfield": "web_form_fields",
    "parenttype": "Web Form",
    "precision": null,
    "read_only": 0,
    "read_only_depends_on": null,
    "reqd": 0,
    "show_in_filter": 0
   }
  ],
  "website_sidebar": null
 },
 {
  "accept_payment": 0,
  "allow_comments": 0,
  "allow_delete": 0,
  "allow_edit": 1,
  "allow_incomplete": 0,
  "allow_multiple": 1,
  "allow_print": 1,
  "allowed_embedding_domains": null,
  "amount": 0.0,
  "amount_based_on_field": 0,
  "amount_field": null,
  "anonymous": 0,
  "apply_document_permissions": 0,
  "banner_image": null,
  "breadcrumbs": null,
  "button_label": null,
  "client_script": null,
  "condition_json": null,
  "currency": "INR",
  "custom_css": null,
  "doc_type": "Patient Appointment",
  "docstatus": 0,
  "doctype": "Web Form",
  "introduction_text": "Patient Appointments",
  "is_standard": 1,
  "list_columns": [],
  "list_title": null,
  "login_required": 1,
  "max_attachment_size": 0,
  "meta_description": null,
  "meta_image": null,
  "meta_title": null,
  "modified": "2018-07-16 13:11:08.626316",
  "module": "Healthcare",
  "name": "patient-appointments",
  "payment_button_help": null,
  "payment_button_label": "Buy Now",
  "payment_gateway": null,
  "print_format": null,
  "published": 1,
  "route": "patient-appointments",
  "show_attachments": 0,
  "show_list": 0,
  "show_sidebar": 1,
  "success_message": null,
  "success_title": null,
  "success_url": "/patient-appointments",
  "title": "Patient Appointments",
  "web_form_fields": [
   {
    "allow_read_on_all_link_options": 0,
    "default": null,
    "depends_on": null,
    "description": null,
    "fieldname": "patient",
    "fieldtype": "Link",
    "hidden": 0,
    "label": "Patient",
    "mandatory_depends_on": null,
    "max_length": 0,
    "max_value": 0,
    "options": "Patient",
    "parent": "patient-appointments",
    "parentfield": "web_form_fields",
    "parenttype": "Web Form",
    "precision": null,
    "read_only": 0,
    "read_only_depends_on": null,
    "reqd": 1,
    "show_in_filter": 0
   },
   {
    "allow_read_on_all_link_options": 0,
    "default": null,
    "depends_on": null,
    "description": null,
    "fieldname": "practitioner",
    "fieldtype": "Link",
    "hidden": 0,
    "label": "Healthcare Practitioner",
    "mandatory_depends_on": null,
    "max_length": 0,
    "max_value": 0,
    "options": "Healthcare Practitioner",
    "parent": "patient-appointments",
    "parentfield": "web_form_fields",
    "parenttype": "Web Form",
    "precision": null,
    "read_only": 0,
    "read_only_depends_on": null,
    "reqd": 1,
    "show_in_filter": 0
   },
   {
    "allow_read_on_all_link_options": 0,
    "default": null,
    "depends_on": null,
    "description": null,
    "fieldname": "appointment_date",
    "fieldtype": "Date",
    "hidden": 0,
    "label": "Date",
    "mandatory_depends_on": null,
    "max_length": 0,
    "max_value": 0,
    "options": null,
    "parent": "patient-appointments",
    "parentfield": "web_form_fields",
    "parenttype": "Web Form",
    "precision": null,
    "read_only": 0,
    "read_only_depends_on": null,
    "reqd": 1,
    "show_in_filter": 0
   },
   {
    "allow_read_on_all_link_options": 0,
    "default": null,
    "depends_on": null,
    "description": null,
    "fieldname": "appointment_time",
    "fieldtype": "Data",
    "hidden": 0,
    "label": "Time",
    "mandatory_depends_on": null,
    "max_length": 0,
    "max_value": 0,
    "options": null,
    "parent": "patient-appointments",
    "parentfield": "web_form_fields",
    "parenttype": "Web Form",
    "precision": null,
    "read_only": 0,
    "read_only_depends_on": null,
    "reqd": 0,
    "show_in_filter": 0
   },
   {
    "allow_read_on_all_link_options": 0,
    "default": null,
    "depends_on": null,
    "description": null,
    "fieldname": "department",
    "fieldtype": "Link",
    "hidden": 0,
    "label": "Department",
    "mandatory_depends_on": null,
    "max_length": 0,
    "max_value": 0,
    "options": "Medical Department",
    "parent": "patient-appointments",
    "parentfield": "web_form_fields",
    "parenttype": "Web Form",
    "precision": null,
    "read_only": 0,
    "read_only_depends_on": null,
    "reqd": 0,
    "show_in_filter": 0
   },
   {
    "allow_read_on_all_link_options": 0,
    "default": null,
    "depends_on": null,
    "description": null,
    "fieldname": "appointment_type",
    "fieldtype": "Link",
    "hidden": 0,
    "label": "Type",
    "mandatory_depends_on": null,
    "max_length": 0,
    "max_value": 0,
    "options": "Appointment Type",
    "parent": "patient-appointments",
    "parentfield": "web_form_fields",
    "parenttype": "Web Form",
    "precision": null,
    "read_only": 0,
    "read_only_depends_on": null,
    "reqd": 0,
    "show_in_filter": 0
   },
   {
    "allow_read_on_all_link_options": 0,
    "default": "Scheduled",
    "depends_on": null,
    "description": null,
    "fieldname": "status",
    "fieldtype": "Select",
    "hidden": 0,
    "label": "Status",
    "mandatory_depends_on": null,
    "max_length": 0,
    "max_value": 0,
    "options": "\nScheduled\nOpen\nClosed\nPending\nCancelled",
    "parent": "patient-appointments",
    "parentfield": "web_form_fields",
    "parenttype": "Web Form",
    "precision": null,
    "read_only": 1,
    "read_only_depends_on": null,
    "reqd": 0,
    "show_in_filter": 0
   }
  ],
  "website_sidebar": null
 },
 {
  "accept_payment": 0,
  "allow_comments": 0,
  "allow_delete": 0,
  "allow_edit": 1,
  "allow_incomplete": 0,
  "allow_multiple": 0,
  "allow_print": 0,
  "allowed_embedding_domains": null,
  "amount": 0.0,
  "amount_based_on_field": 0,
  "amount_field": null,
  "anonymous": 0,
  "apply_document_permissions": 0,
  "banner_image": null,
  "breadcrumbs": null,
  "button_label": null,
  "client_script": null,
  "condition_json": null,
  "currency": "INR",
  "custom_css": null,
  "doc_type": "Patient",
  "docstatus": 0,
  "doctype": "Web Form",
  "introduction_text": "",
  "is_standard": 1,
  "list_columns": [],
  "list_title": null,
  "login_required": 1,
  "max_attachment_size": 0,
  "meta_description": null,
  "meta_image": null,
  "meta_title": null,
  "modified": "2018-07-04 17:22:28.936442",
  "module": "Healthcare",
  "name": "personal-details",
  "payment_button_help": null,
  "payment_button_label": "Buy Now",
  "payment_gateway": null,
  "print_format": null,
  "published": 1,
  "route": "personal-details",
  "show_attachments": 0,
  "show_list": 0,
  "show_sidebar": 1,
  "success_message": null,
  "success_title": null,
  "success_url": "/personal-details",
  "title": "Personal Details",
  "web_form_fields": [
   {
    "allow_read_on_all_link_options": 0,
    "default": null,
    "depends_on": null,
    "description": null,
    "fieldname": "patient_name",
    "fieldtype": "Data",
    "hidden": 0,
    "label": "Full Name",
    "mandatory_depends_on": null,
    "max_length": 0,
    "max_value": 0,
    "options": null,
    "parent": "personal-details",
    "parentfield": "web_form_fields",
    "parenttype": "Web Form",
    "precision": null,
    "read_only": 0,
    "read_only_depends_on": null,
    "reqd": 1,
    "show_in_filter": 0
   },
   {
    "allow_read_on_all_link_options": 0,
    "default": null,
    "depends_on": null,
    "description": null,
    "fieldname": "sex",
    "fieldtype": "Select",
    "hidden": 0,
    "label": "Gender",
    "mandatory_depends_on": null,
    "max_length": 0,
    "max_value": 0,
    "options": "\nMale\nFemale\nOther",
    "parent": "personal-details",
    "parentfield": "web_form_fields",
    "parenttype": "Web Form",
    "precision": null,
    "read_only": 0,
    "read_only_depends_on": null,
    "reqd": 1,
    "show_in_filter": 0
   },
   {
    "allow_read_on_all_link_options": 0,
    "default": null,
    "depends_on": null,
    "description": null,
    "fieldname": "dob",
    "fieldtype": "Date",
    "hidden": 0,
    "label": "Date of birth",
    "mandatory_depends_on": null,
    "max_length": 0,
    "max_value": 0,
    "options": null,
    "parent": "personal-details",
    "parentfield": "web_form_fields",
    "parenttype": "Web Form",
    "precision": null,
    "read_only": 0,
    "read_only_depends_on": null,
    "reqd": 1,
    "show_in_filter": 0
   },
   {
    "allow_read_on_all_link_options": 0,
    "default": null,
    "depends_on": null,
    "description": null,
    "fieldname": "mobile",
    "fieldtype": "Data",
    "hidden": 0,
    "label": "Mobile",
    "mandatory_depends_on": null,
    "max_length": 0,
    "max_value": 0,
    "options": null,
    "parent": "personal-details",
    "parentfield": "web_form_fields",
    "parenttype": "Web Form",
    "precision": null,
    "read_only": 0,
    "read_only_depends_on": null,
    "reqd": 0,
    "show_in_filter": 0
   },
   {
    "allow_read_on_all_link_options": 0,
    "default": null,
    "depends_on": null,
    "description": null,
    "fieldname": "email",
    "fieldtype": "Data",
    "hidden": 0,
    "label": "Email",
    "mandatory_depends_on": null,
    "max_length": 0,
    "max_value": 0,
    "options": "Email",
    "parent": "personal-details",
    "parentfield": "web_form_fields",
    "parenttype": "Web Form",
    "precision": null,
    "read_only": 1,
    "read_only_depends_on": null,
    "reqd": 0,
    "show_in_filter": 0
   }
  ],
  "website_sidebar": null
 },
 {
  "accept_payment": 0,
  "allow_comments": 0,
  "allow_delete": 0,
  "allow_edit": 0,
  "allow_incomplete": 0,
  "allow_multiple": 0,
  "allow_print": 0,
  "allowed_embedding_domains": null,
  "amount": 0.0,
  "amount_based_on_field": 0,
  "amount_field": null,
  "anonymous": 0,
  "apply_document_permissions": 0,
  "banner_image": null,
  "breadcrumbs": "",
  "button_label": "Request Data",
  "client_script": "",
  "condition_json": null,
  "currency": null,
  "custom_css": null,
  "doc_type": "Personal Data Download Request",
  "docstatus": 0,
  "doctype": "Web Form",
  "introduction_text": "<div class=\"ql-editor read-mode\"><p>Request a file containing your personally identifiable information (PII) that is saved on our system. The file will be in JSON format and is sent to you by email. If you would like to have your PII deleted from our system, please make a <a href=\"/request-to-delete-data\" rel=\"noopener noreferrer\">request to delete data</a>.</p></div>",
  "is_standard": 1,
  "list_columns": [],
  "list_title": null,
  "login_required": 0,
  "max_attachment_size": 0,
  "meta_description": null,
  "meta_image": null,
  "meta_title": null,
  "modified": "2022-07-18 16:51:07.281527",
  "module": "Website",
  "name": "request-data",
  "payment_button_help": null,
  "payment_button_label": "Buy Now",
  "payment_gateway": null,
  "print_format": null,
  "published": 1,
  "route": "request-data",
  "show_attachments": 0,
  "show_list": 0,
  "show_sidebar": 0,
  "success_message": "A download link with your data will be sent to the email address associated with your account.",
  "success_title": null,
  "success_url": "/desk",
  "title": "Request Data",
  "web_form_fields": [
   {
    "allow_read_on_all_link_options": 0,
    "default": null,
    "depends_on": null,
    "description": null,
    "fieldname": "user",
    "fieldtype": "Data",
    "hidden": 0,
    "label": "Email",
    "mandatory_depends_on": null,
    "max_length": 0,
    "max_value": 0,
    "options": "",
    "parent": "request-data",
    "parentfield": "web_form_fields",
    "parenttype": "Web Form",
    "precision": null,
    "read_only": 0,
    "read_only_depends_on": null,
    "reqd": 1,
    "show_in_filter": 0
   }
  ],
  "website_sidebar": null
 },
 {
  "accept_payment": 0,
  "allow_comments": 0,
  "allow_delete": 0,
  "allow_edit": 0,
  "allow_incomplete": 0,
  "allow_multiple": 0,
  "allow_print": 0,
  "allowed_embedding_domains": null,
  "amount": 0.0,
  "amount_based_on_field": 0,
  "amount_field": null,
  "anonymous": 0,
  "apply_document_permissions": 0,
  "banner_image": null,
  "breadcrumbs": "",
  "button_label": "Submit",
  "client_script": "",
  "condition_json": null,
  "currency": null,
  "custom_css": "[data-doctype=\"Web Form\"] {\n    width: 50%;\n    margin: 6rem auto;\n}",
  "doc_type": "Personal Data Deletion Request",
  "docstatus": 0,
  "doctype": "Web Form",
  "introduction_text": "<div class=\"ql-editor read-mode\"><p>Send a request to delete your account and personally identifiable information (PII) that is stored on our system. You will receive an email to verify your request. Once the request is verified we will take care of deleting your PII. If you just want to check what PII we have stored, you can <a href=\"/request-data\" rel=\"noopener noreferrer\">request your data</a>.</p></div>",
  "is_standard": 1,
  "list_columns": [],
  "list_title": null,
  "login_required": 0,
  "max_attachment_size": 0,
  "meta_description": null,
  "meta_image": null,
  "meta_title": null,
  "modified": "2022-07-18 16:51:30.949738",
  "module": "Website",
  "name": "request-to-delete-data",
  "payment_button_help": null,
  "payment_button_label": "Buy Now",
  "payment_gateway": null,
  "print_format": null,
  "published": 1,
  "route": "request-for-account-deletion",
  "show_attachments": 0,
  "show_list": 0,
  "show_sidebar": 0,
  "success_message": "An email to verify your request has been sent to your email address. Please verify your request to complete the process.",
  "success_title": null,
  "success_url": "/",
  "title": "Request for Account Deletion",
  "web_form_fields": [
   {
    "allow_read_on_all_link_options": 0,
    "default": null,
    "depends_on": null,
    "description": null,
    "fieldname": "email",
    "fieldtype": "Data",
    "hidden": 0,
    "label": "Email",
    "mandatory_depends_on": null,
    "max_length": 0,
    "max_value": 0,
    "options": "",
    "parent": "request-to-delete-data",
    "parentfield": "web_form_fields",
    "parenttype": "Web Form",
    "precision": null,
    "read_only": 0,
    "read_only_depends_on": null,
    "reqd": 1,
    "show_in_filter": 0
   }
  ],
  "website_sidebar": null
 },
 {
  "accept_payment": 0,
  "allow_comments": 0,
  "allow_delete": 0,
  "allow_edit": 1,
  "allow_incomplete": 0,
  "allow_multiple": 0,
  "allow_print": 0,
  "allowed_embedding_domains": null,
  "amount": 0.0,
  "amount_based_on_field": 0,
  "amount_field": null,
  "anonymous": 0,
  "apply_document_permissions": 0,
  "banner_image": null,
  "breadcrumbs": null,
  "button_label": "Register",
  "client_script": null,
  "condition_json": null,
  "currency": "INR",
  "custom_css": null,
  "doc_type": "Patient",
  "docstatus": 0,
  "doctype": "Web Form",
  "introduction_text": "",
  "is_standard": 1,
  "list_columns": [],
  "list_title": null,
  "login_required": 0,
  "max_attachment_size": 0,
  "meta_description": null,
  "meta_image": null,
  "meta_title": null,
  "modified": "2020-03-26 17:25:15.361918",
  "module": "Healthcare",
  "name": "patient-registration",
  "payment_button_help": null,
  "payment_button_label": "Buy Now",
  "payment_gateway": null,
  "print_format": null,
  "published": 1,
  "route": "patient-registration",
  "show_attachments": 0,
  "show_list": 0,
  "show_sidebar": 1,
  "success_message": "Registration Successfully. Thank You!",
  "success_title": null,
  "success_url": "/patient-registration",
  "title": "Patient Registration",
  "web_form_fields": [
   {
    "allow_read_on_all_link_options": 0,
    "default": null,
    "depends_on": null,
    "description": null,
    "fieldname": "basic_info",
    "fieldtype": "Section Break",
    "hidden": 0,
    "label": "Patient Demographics",
    "mandatory_depends_on": null,
    "max_length": 0,
    "max_value": 0,
    "options": "fa fa-user",
    "parent": "patient-registration",
    "parentfield": "web_form_fields",
    "parenttype": "Web Form",
    "precision": null,
    "read_only": 0,
    "read_only_depends_on": null,
    "reqd": 0,
    "show_in_filter": 0
   },
   {
    "allow_read_on_all_link_options": 0,
    "default": null,
    "depends_on": null,
    "description": null,
    "fieldname": "first_name",
    "fieldtype": "Data",
    "hidden": 0,
    "label": "First Name",
    "mandatory_depends_on": null,
    "max_length": 0,
    "max_value": 0,
    "options": null,
    "parent": "patient-registration",
    "parentfield": "web_form_fields",
    "parenttype": "Web Form",
    "precision": null,
    "read_only": 0,
    "read_only_depends_on": null,
    "reqd": 1,
    "show_in_filter": 0
   },
   {
    "allow_read_on_all_link_options": 0,
    "default": null,
    "depends_on": null,
    "description": null,
    "fieldname": "middle_name",
    "fieldtype": "Data",
    "hidden": 0,
    "label": "Middle Name (optional)",
    "mandatory_depends_on": null,
    "max_length": 0,
    "max_value": 0,
    "options": null,
    "parent": "patient-registration",
    "parentfield": "web_form_fields",
    "parenttype": "Web Form",
    "precision": null,
    "read_only": 0,
    "read_only_depends_on": null,
    "reqd": 0,
    "show_in_filter": 0
   },
   {
    "allow_read_on_all_link_options": 0,
    "default": null,
    "depends_on": null,
    "description": null,
    "fieldname": "last_name",
    "fieldtype": "Data",
    "hidden": 0,
    "label": "Last Name",
    "mandatory_depends_on": null,
    "max_length": 0,
    "max_value": 0,
    "options": null,
    "parent": "patient-registration",
    "parentfield": "web_form_fields",
    "parenttype": "Web Form",
    "precision": null,
    "read_only": 0,
    "read_only_depends_on": null,
    "reqd": 1,
    "show_in_filter": 0
   },
   {
    "allow_read_on_all_link_options": 0,
    "default": null,
    "depends_on": null,
    "description": null,
    "fieldname": "sex",
    "fieldtype": "Link",
    "hidden": 0,
    "label": "Gender",
    "mandatory_depends_on": null,
    "max_length": 0,
    "max_value": 0,
    "options": "Gender",
    "parent": "patient-registration",
    "parentfield": "web_form_fields",
    "parenttype": "Web Form",
    "precision": null,
    "read_only": 0,
    "read_only_depends_on": null,
    "reqd": 1,
    "show_in_filter": 0
   },
   {
    "allow_read_on_all_link_options": 0,
    "default": null,
    "depends_on": null,
    "description": null,
    "fieldname": "blood_group",
    "fieldtype": "Select",
    "hidden": 0,
    "label": "Blood Group",
    "mandatory_depends_on": null,
    "max_length": 0,
    "max_value": 0,
    "options": "\nA Positive\nA Negative\nAB Positive\nAB Negative\nB Positive\nB Negative\nO Positive\nO Negative",
    "parent": "patient-registration",
    "parentfield": "web_form_fields",
    "parenttype": "Web Form",
    "precision": null,
    "read_only": 0,
    "read_only_depends_on": null,
    "reqd": 0,
    "show_in_filter": 0
   },
   {
    "allow_read_on_all_link_options": 0,
    "default": null,
    "depends_on": null,
    "description": null,
    "fieldname": "",
    "fieldtype": "Column Break",
    "hidden": 0,
    "label": null,
    "mandatory_depends_on": null,
    "max_length": 0,
    "max_value": 0,
    "options": null,
    "parent": "patient-registration",
    "parentfield": "web_form_fields",
    "parenttype": "Web Form",
    "precision": null,
    "read_only": 0,
    "read_only_depends_on": null,
    "reqd": 0,
    "show_in_filter": 0
   },
   {
    "allow_read_on_all_link_options": 0,
    "default": null,
    "depends_on": null,
    "description": null,
    "fieldname": "dob",
    "fieldtype": "Date",
    "hidden": 0,
    "label": "Date of birth",
    "mandatory_depends_on": null,
    "max_length": 0,
    "max_value": 0,
    "options": null,
    "parent": "patient-registration",
    "parentfield": "web_form_fields",
    "parenttype": "Web Form",
    "precision": null,
    "read_only": 0,
    "read_only_depends_on": null,
    "reqd": 0,
    "show_in_filter": 0
   },
   {
    "allow_read_on_all_link_options": 0,
    "default": null,
    "depends_on": null,
    "description": null,
    "fieldname": "mobile",
    "fieldtype": "Data",
    "hidden": 0,
    "label": "Mobile",
    "mandatory_depends_on": null,
    "max_length": 0,
    "max_value": 0,
    "options": null,
    "parent": "patient-registration",
    "parentfield": "web_form_fields",
    "parenttype": "Web Form",
    "precision": null,
    "read_only": 0,
    "read_only_depends_on": null,
    "reqd": 0,
    "show_in_filter": 0
   },
   {
    "allow_read_on_all_link_options": 0,
    "default": null,
    "depends_on": null,
    "description": null,
    "fieldname": "email",
    "fieldtype": "Data",
    "hidden": 0,
    "label": "Email",
    "mandatory_depends_on": null,
    "max_length": 0,
    "max_value": 0,
    "options": "Email",
    "parent": "patient-registration",
    "parentfield": "web_form_fields",
    "parenttype": "Web Form",
    "precision": null,
    "read_only": 0,
    "read_only_depends_on": null,
    "reqd": 0,
    "show_in_filter": 0
   },
   {
    "allow_read_on_all_link_options": 0,
    "default": null,
    "depends_on": null,
    "description": null,
    "fieldname": "phone",
    "fieldtype": "Data",
    "hidden": 0,
    "label": "Phone",
    "mandatory_depends_on": null,
    "max_length": 0,
    "max_value": 0,
    "options": null,
    "parent": "patient-registration",
    "parentfield": "web_form_fields",
    "parenttype": "Web Form",
    "precision": null,
    "read_only": 0,
    "read_only_depends_on": null,
    "reqd": 0,
    "show_in_filter": 0
   },
   {
    "allow_read_on_all_link_options": 0,
    "default": null,
    "depends_on": null,
    "description": null,
    "fieldname": "",
    "fieldtype": "Section Break",
    "hidden": 0,
    "label": "Personal Details",
    "mandatory_depends_on": null,
    "max_length": 0,
    "max_value": 0,
    "options": null,
    "parent": "patient-registration",
    "parentfield": "web_form_fields",
    "parenttype": "Web Form",
    "precision": null,
    "read_only": 0,
    "read_only_depends_on": null,
    "reqd": 0,
    "show_in_filter": 0
   },
   {
    "allow_read_on_all_link_options": 0,
    "default": null,
    "depends_on": null,
    "description": null,
    "fieldname": "occupation",
    "fieldtype": "Data",
    "hidden": 0,
    "label": "Occupation",
    "mandatory_depends_on": null,
    "max_length": 0,
    "max_value": 0,
    "options": null,
    "parent": "patient-registration",
    "parentfield": "web_form_fields",
    "parenttype": "Web Form",
    "precision": null,
    "read_only": 0,
    "read_only_depends_on": null,
    "reqd": 0,
    "show_in_filter": 0
   },
   {
    "allow_read_on_all_link_options": 0,
    "default": null,
    "depends_on": null,
    "description": null,
    "fieldname": "",
    "fieldtype": "Column Break",
    "hidden": 0,
    "label": null,
    "mandatory_depends_on": null,
    "max_length": 0,
    "max_value": 0,
    "options": null,
    "parent": "patient-registration",
    "parentfield": "web_form_fields",
    "parenttype": "Web Form",
    "precision": null,
    "read_only": 0,
    "read_only_depends_on": null,
    "reqd": 0,
    "show_in_filter": 0
   },
   {
    "allow_read_on_all_link_options": 0,
    "default": null,
    "depends_on": null,
    "description": null,
    "fieldname": "marital_status",
    "fieldtype": "Select",
    "hidden": 0,
    "label": "Marital Status",
    "mandatory_depends_on": null,
    "max_length": 0,
    "max_value": 0,
    "options": "\nSingle\nMarried\nDivorced\nWidow",
    "parent": "patient-registration",
    "parentfield": "web_form_fields",
    "parenttype": "Web Form",
    "precision": null,
    "read_only": 0,
    "read_only_depends_on": null,
    "reqd": 0,
    "show_in_filter": 0
   },
   {
    "allow_read_on_all_link_options": 0,
    "default": null,
    "depends_on": null,
    "description": null,
    "fieldname": "allergy_medical_and_surgical_history",
    "fieldtype": "Section Break",
    "hidden": 0,
    "label": "Allergies, Medical and Surgical History",
    "mandatory_depends_on": null,
    "max_length": 0,
    "max_value": 0,
    "options": null,
    "parent": "patient-registration",
    "parentfield": "web_form_fields",
    "parenttype": "Web Form",
    "precision": null,
    "read_only": 0,
    "read_only_depends_on": null,
    "reqd": 0,
    "show_in_filter": 0
   },
   {
    "allow_read_on_all_link_options": 0,
    "default": null,
    "depends_on": null,
    "description": null,
    "fieldname": "allergies",
    "fieldtype": "Small Text",
    "hidden": 0,
    "label": "Allergies",
    "mandatory_depends_on": null,
    "max_length": 0,
    "max_value": 0,
    "options": null,
    "parent": "patient-registration",
    "parentfield": "web_form_fields",
    "parenttype": "Web Form",
    "precision": null,
    "read_only": 0,
    "read_only_depends_on": null,
    "reqd": 0,
    "show_in_filter": 0
   },
   {
    "allow_read_on_all_link_options": 0,
    "default": null,
    "depends_on": null,
    "description": null,
    "fieldname": "medication",
    "fieldtype": "Small Text",
    "hidden": 0,
    "label": "Medication",
    "mandatory_depends_on": null,
    "max_length": 0,
    "max_value": 0,
    "options": null,
    "parent": "patient-registration",
    "parentfield": "web_form_fields",
    "parenttype": "Web Form",
    "precision": null,
    "read_only": 0,
    "read_only_depends_on": null,
    "reqd": 0,
    "show_in_filter": 0
   },
   {
    "allow_read_on_all_link_options": 0,
    "default": null,
    "depends_on": null,
    "description": null,
    "fieldname": "column_break_20",
    "fieldtype": "Column Break",
    "hidden": 0,
    "label": null,
    "mandatory_depends_on": null,
    "max_length": 0,
    "max_value": 0,
    "options": null,
    "parent": "patient-registration",
    "parentfield": "web_form_fields",
    "parenttype": "Web Form",
    "precision": null,
    "read_only": 0,
    "read_only_depends_on": null,
    "reqd": 0,
    "show_in_filter": 0
   },
   {
    "allow_read_on_all_link_options": 0,
    "default": null,
    "depends_on": null,
    "description": null,
    "fieldname": "medical_history",
    "fieldtype": "Small Text",
    "hidden": 0,
    "label": "Medical History",
    "mandatory_depends_on": null,
    "max_length": 0,
    "max_value": 0,
    "options": null,
    "parent": "patient-registration",
    "parentfield": "web_form_fields",
    "parenttype": "Web Form",
    "precision": null,
    "read_only": 0,
    "read_only_depends_on": null,
    "reqd": 0,
    "show_in_filter": 0
   },
   {
    "allow_read_on_all_link_options": 0,
    "default": null,
    "depends_on": null,
    "description": null,
    "fieldname": "surgical_history",
    "fieldtype": "Small Text",
    "hidden": 0,
    "label": "Surgical History",
    "mandatory_depends_on": null,
    "max_length": 0,
    "max_value": 0,
    "options": null,
    "parent": "patient-registration",
    "parentfield": "web_form_fields",
    "parenttype": "Web Form",
    "precision": null,
    "read_only": 0,
    "read_only_depends_on": null,
    "reqd": 0,
    "show_in_filter": 0
   },
   {
    "allow_read_on_all_link_options": 0,
    "default": null,
    "depends_on": null,
    "description": null,
    "fieldname": "risk_factors",
    "fieldtype": "Section Break",
    "hidden": 0,
    "label": "Risk Factors",
    "mandatory_depends_on": null,
    "max_length": 0,
    "max_value": 0,
    "options": null,
    "parent": "patient-registration",
    "parentfield": "web_form_fields",
    "parenttype": "Web Form",
    "precision": null,
    "read_only": 0,
    "read_only_depends_on": null,
    "reqd": 0,
    "show_in_filter": 0
   },
   {
    "allow_read_on_all_link_options": 0,
    "default": "0",
    "depends_on": null,
    "description": null,
    "fieldname": "tobacco_past_use",
    "fieldtype": "Check",
    "hidden": 0,
    "label": "Check if you have a history of Tobacco Consumption",
    "mandatory_depends_on": null,
    "max_length": 0,
    "max_value": 0,
    "options": "",
    "parent": "patient-registration",
    "parentfield": "web_form_fields",
    "parenttype": "Web Form",
    "precision": null,
    "read_only": 0,
    "read_only_depends_on": null,
    "reqd": 0,
    "show_in_filter": 0
   },
   {
    "allow_read_on_all_link_options": 0,
    "default": "0",
    "depends_on": null,
    "description": null,
    "fieldname": "tobacco_current_use",
    "fieldtype": "Check",
    "hidden": 0,
    "label": "Check if you consume Tobacco",
    "mandatory_depends_on": null,
    "max_length": 0,
    "max_value": 0,
    "options": "",
    "parent": "patient-registration",
    "parentfield": "web_form_fields",
    "parenttype": "Web Form",
    "precision": null,
    "read_only": 0,
    "read_only_depends_on": null,
    "reqd": 0,
    "show_in_filter": 0
   },
   {
    "allow_read_on_all_link_options": 0,
    "default": "0",
    "depends_on": null,
    "description": null,
    "fieldname": "alcohol_past_use",
    "fieldtype": "Check",
    "hidden": 0,
    "label": "Check if you have a history of Alcohol Consumption",
    "mandatory_depends_on": null,
    "max_length": 0,
    "max_value": 0,
    "options": "",
    "parent": "patient-registration",
    "parentfield": "web_form_fields",
    "parenttype": "Web Form",
    "precision": null,
    "read_only": 0,
    "read_only_depends_on": null,
    "reqd": 0,
    "show_in_filter": 0
   },
   {
    "allow_read_on_all_link_options": 0,
    "default": "0",
    "depends_on": null,
    "description": null,
    "fieldname": "alcohol_current_use",
    "fieldtype": "Check",
    "hidden": 0,
    "label": "Check if you consume Alcohol",
    "mandatory_depends_on": null,
    "max_length": 0,
    "max_value": 0,
    "options": "",
    "parent": "patient-registration",
    "parentfield": "web_form_fields",
    "parenttype": "Web Form",
    "precision": null,
    "read_only": 0,
    "read_only_depends_on": null,
    "reqd": 0,
    "show_in_filter": 0
   },
   {
    "allow_read_on_all_link_options": 0,
    "default": null,
    "depends_on": null,
    "description": null,
    "fieldname": "column_break_32",
    "fieldtype": "Column Break",
    "hidden": 0,
    "label": null,
    "mandatory_depends_on": null,
    "max_length": 0,
    "max_value": 0,
    "options": null,
    "parent": "patient-registration",
    "parentfield": "web_form_fields",
    "parenttype": "Web Form",
    "precision": null,
    "read_only": 0,
    "read_only_depends_on": null,
    "reqd": 0,
    "show_in_filter": 0
   },
   {
    "allow_read_on_all_link_options": 0,
    "default": null,
    "depends_on": null,
    "description": null,
    "fieldname": "surrounding_factors",
    "fieldtype": "Small Text",
    "hidden": 0,
    "label": "Occupational Hazards and Environmental Factors",
    "mandatory_depends_on": null,
    "max_length": 0,
    "max_value": 0,
    "options": null,
    "parent": "patient-registration",
    "parentfield": "web_form_fields",
    "parenttype": "Web Form",
    "precision": null,
    "read_only": 0,
    "read_only_depends_on": null,
    "reqd": 0,
    "show_in_filter": 0
   },
   {
    "allow_read_on_all_link_options": 0,
    "default": null,
    "depends_on": null,
    "description": null,
    "fieldname": "other_risk_factors",
    "fieldtype": "Small Text",
    "hidden": 0,
    "label": "Other Risk Factors",
    "mandatory_depends_on": null,
    "max_length": 0,
    "max_value": 0,
    "options": null,
    "parent": "patient-registration",
    "parentfield": "web_form_fields",
    "parenttype": "Web Form",
    "precision": null,
    "read_only": 0,
    "read_only_depends_on": null,
    "reqd": 0,
    "show_in_filter": 0
   }
  ],
  "website_sidebar": null
 }
]