[
 {
  "docstatus": 0,
  "doctype": "Workflow State",
  "icon": "question-sign",
  "modified": "2025-02-20 15:40:23.166104",
  "name": "Pending",
  "style": "",
  "workflow_state_name": "Pending"
 },
 {
  "docstatus": 0,
  "doctype": "Workflow State",
  "icon": "ok-sign",
  "modified": "2025-02-20 15:40:23.167797",
  "name": "Approved",
  "style": "Success",
  "workflow_state_name": "Approved"
 },
 {
  "docstatus": 0,
  "doctype": "Workflow State",
  "icon": "remove",
  "modified": "2025-02-20 15:40:23.169431",
  "name": "Rejected",
  "style": "Danger",
  "workflow_state_name": "Rejected"
 }
]